CHROM	POS	REF	ALT	mutation_name	MG_CHROM	Vkey	aa_change_position
PvP01_01_v1	225003	A	G	chr1:225003:225003:A:G	PvP01_01_v1	chr1:225003:225003:A:G	.
PvP01_01_v1	225092	C	T	chr1:225092:225092:C:T	PvP01_01_v1	chr1:225092:225092:C:T	.
PvP01_01_v1	225094	T	C	chr1:225094:225094:T:C	PvP01_01_v1	chr1:225094:225094:T:C	.
PvP01_01_v1	442762	G	T	chr1:442762:442762:G:T	PvP01_01_v1	chr1:442762:442762:G:T	.
PvP01_01_v1	442764	T	G	chr1:442764:442764:T:G	PvP01_01_v1	chr1:442764:442764:T:G	.
PvP01_01_v1	442770	A	G	chr1:442770:442770:A:G	PvP01_01_v1	chr1:442770:442770:A:G	.
PvP01_01_v1	442857	C	A	chr1:442857:442857:C:A	PvP01_01_v1	chr1:442857:442857:C:A	.
PvP01_01_v1	442860	G	T	chr1:442860:442860:G:T	PvP01_01_v1	chr1:442860:442860:G:T	.
PvP01_01_v1	442863	G	T	chr1:442863:442863:G:T	PvP01_01_v1	chr1:442863:442863:G:T	.
PvP01_01_v1	442868	C	G	chr1:442868:442868:C:G	PvP01_01_v1	chr1:442868:442868:C:G	.
PvP01_01_v1	519430	G	T	chr1:519430:519430:G:T	PvP01_01_v1	chr1:519430:519430:G:T	.
PvP01_01_v1	519442	G	C	chr1:519442:519442:G:C	PvP01_01_v1	chr1:519442:519442:G:C	.
PvP01_01_v1	519443	C	T	chr1:519443:519443:C:T	PvP01_01_v1	chr1:519443:519443:C:T	.
PvP01_01_v1	519459	C	T	chr1:519459:519459:C:T	PvP01_01_v1	chr1:519459:519459:C:T	.
PvP01_01_v1	519532	G	A	chr1:519532:519532:G:A	PvP01_01_v1	chr1:519532:519532:G:A	.
PvP01_01_v1	519560	C	T	chr1:519560:519560:C:T	PvP01_01_v1	chr1:519560:519560:C:T	.
PvP01_01_v1	519579	C	T	chr1:519579:519579:C:T	PvP01_01_v1	chr1:519579:519579:C:T	.
PvP01_01_v1	519584	A	G	chr1:519584:519584:A:G	PvP01_01_v1	chr1:519584:519584:A:G	.
PvP01_01_v1	519585	G	T	chr1:519585:519585:G:T	PvP01_01_v1	chr1:519585:519585:G:T	.
PvP01_01_v1	519594	T	A	chr1:519594:519594:T:A	PvP01_01_v1	chr1:519594:519594:T:A	.
PvP01_01_v1	519613	G	A	chr1:519613:519613:G:A	PvP01_01_v1	chr1:519613:519613:G:A	.
PvP01_01_v1	519619	T	C	chr1:519619:519619:T:C	PvP01_01_v1	chr1:519619:519619:T:C	.
PvP01_01_v1	605798	G	A	chr1:605798:605798:G:A	PvP01_01_v1	chr1:605798:605798:G:A	.
PvP01_02_v1	119096	A	G	chr2:119096:119096:A:G	PvP01_02_v1	chr2:119096:119096:A:G	.
PvP01_02_v1	119100	C	A	chr2:119100:119100:C:A	PvP01_02_v1	chr2:119100:119100:C:A	.
PvP01_02_v1	119480	C	T	chr2:119480:119480:C:T	PvP01_02_v1	chr2:119480:119480:C:T	.
PvP01_02_v1	119512	G	A	chr2:119512:119512:G:A	PvP01_02_v1	chr2:119512:119512:G:A	.
PvP01_02_v1	119514	A	G	chr2:119514:119514:A:G	PvP01_02_v1	chr2:119514:119514:A:G	.
PvP01_02_v1	119526	G	T	chr2:119526:119526:G:T	PvP01_02_v1	chr2:119526:119526:G:T	.
PvP01_02_v1	119531	T	C	chr2:119531:119531:T:C	PvP01_02_v1	chr2:119531:119531:T:C	.
PvP01_02_v1	335023	G	A	chr2:335023:335023:G:A	PvP01_02_v1	chr2:335023:335023:G:A	.
PvP01_03_v1	550315	G	A	chr3:550315:550315:G:A	PvP01_03_v1	chr3:550315:550315:G:A	.
PvP01_03_v1	550400	T	C	chr3:550400:550400:T:C	PvP01_03_v1	chr3:550400:550400:T:C	.
PvP01_03_v1	822921	T	C	chr3:822921:822921:T:C	PvP01_03_v1	chr3:822921:822921:T:C	.
PvP01_03_v1	822928	T	C	chr3:822928:822928:T:C	PvP01_03_v1	chr3:822928:822928:T:C	.
PvP01_03_v1	822944	C	T	chr3:822944:822944:C:T	PvP01_03_v1	chr3:822944:822944:C:T	.
PvP01_03_v1	822947	T	A	chr3:822947:822947:T:A	PvP01_03_v1	chr3:822947:822947:T:A	.
PvP01_03_v1	822963	C	T	chr3:822963:822963:C:T	PvP01_03_v1	chr3:822963:822963:C:T	.
PvP01_03_v1	822985	A	C	chr3:822985:822985:A:C	PvP01_03_v1	chr3:822985:822985:A:C	.
PvP01_04_v1	1010718	G	T	chr4:1010718:1010718:G:T	PvP01_04_v1	chr4:1010718:1010718:G:T	.
PvP01_04_v1	1010757	C	T	chr4:1010757:1010757:C:T	PvP01_04_v1	chr4:1010757:1010757:C:T	.
PvP01_04_v1	1011149	C	A	chr4:1011149:1011149:C:A	PvP01_04_v1	chr4:1011149:1011149:C:A	.
PvP01_04_v1	1011161	T	A	chr4:1011161:1011161:T:A	PvP01_04_v1	chr4:1011161:1011161:T:A	.
PvP01_04_v1	1011162	T	A	chr4:1011162:1011162:T:A	PvP01_04_v1	chr4:1011162:1011162:T:A	.
PvP01_04_v1	1011181	C	T	chr4:1011181:1011181:C:T	PvP01_04_v1	chr4:1011181:1011181:C:T	.
PvP01_04_v1	1011183	C	A	chr4:1011183:1011183:C:A	PvP01_04_v1	chr4:1011183:1011183:C:A	.
PvP01_04_v1	1011193	C	A	chr4:1011193:1011193:C:A	PvP01_04_v1	chr4:1011193:1011193:C:A	.
PvP01_04_v1	1011204	C	T	chr4:1011204:1011204:C:T	PvP01_04_v1	chr4:1011204:1011204:C:T	.
PvP01_04_v1	1011219	C	T	chr4:1011219:1011219:C:T	PvP01_04_v1	chr4:1011219:1011219:C:T	.
PvP01_04_v1	1011263	A	G	chr4:1011263:1011263:A:G	PvP01_04_v1	chr4:1011263:1011263:A:G	.
PvP01_04_v1	1011271	T	G	chr4:1011271:1011271:T:G	PvP01_04_v1	chr4:1011271:1011271:T:G	.
PvP01_04_v1	1011277	T	A	chr4:1011277:1011277:T:A	PvP01_04_v1	chr4:1011277:1011277:T:A	.
PvP01_04_v1	1011279	A	T	chr4:1011279:1011279:A:T	PvP01_04_v1	chr4:1011279:1011279:A:T	.
PvP01_04_v1	1011282	T	G	chr4:1011282:1011282:T:G	PvP01_04_v1	chr4:1011282:1011282:T:G	.
PvP01_04_v1	1011289	C	G	chr4:1011289:1011289:C:G	PvP01_04_v1	chr4:1011289:1011289:C:G	.
PvP01_04_v1	1011291	A	G	chr4:1011291:1011291:A:G	PvP01_04_v1	chr4:1011291:1011291:A:G	.
PvP01_04_v1	1011293	A	T	chr4:1011293:1011293:A:T	PvP01_04_v1	chr4:1011293:1011293:A:T	.
PvP01_04_v1	1011297	A	C	chr4:1011297:1011297:A:C	PvP01_04_v1	chr4:1011297:1011297:A:C	.
PvP01_04_v1	1011299	T	C	chr4:1011299:1011299:T:C	PvP01_04_v1	chr4:1011299:1011299:T:C	.
PvP01_04_v1	1011300	A	T	chr4:1011300:1011300:A:T	PvP01_04_v1	chr4:1011300:1011300:A:T	.
PvP01_04_v1	1011304	T	C	chr4:1011304:1011304:T:C	PvP01_04_v1	chr4:1011304:1011304:T:C	.
PvP01_04_v1	1011305	A	T	chr4:1011305:1011305:A:T	PvP01_04_v1	chr4:1011305:1011305:A:T	.
PvP01_04_v1	1011312	G	T	chr4:1011312:1011312:G:T	PvP01_04_v1	chr4:1011312:1011312:G:T	.
PvP01_04_v1	1011316	T	C	chr4:1011316:1011316:T:C	PvP01_04_v1	chr4:1011316:1011316:T:C	.
PvP01_04_v1	1011332	A	G	chr4:1011332:1011332:A:G	PvP01_04_v1	chr4:1011332:1011332:A:G	.
PvP01_04_v1	1011360	A	C	chr4:1011360:1011360:A:C	PvP01_04_v1	chr4:1011360:1011360:A:C	.
PvP01_04_v1	1011370	C	G	chr4:1011370:1011370:C:G	PvP01_04_v1	chr4:1011370:1011370:C:G	.
PvP01_04_v1	1011376	G	T	chr4:1011376:1011376:G:T	PvP01_04_v1	chr4:1011376:1011376:G:T	.
PvP01_04_v1	1011378	A	T	chr4:1011378:1011378:A:T	PvP01_04_v1	chr4:1011378:1011378:A:T	.
PvP01_04_v1	1011387	T	C	chr4:1011387:1011387:T:C	PvP01_04_v1	chr4:1011387:1011387:T:C	.
PvP01_04_v1	1011407	T	A	chr4:1011407:1011407:T:A	PvP01_04_v1	chr4:1011407:1011407:T:A	.
PvP01_04_v1	1011416	G	A	chr4:1011416:1011416:G:A	PvP01_04_v1	chr4:1011416:1011416:G:A	.
PvP01_04_v1	1011424	A	T	chr4:1011424:1011424:A:T	PvP01_04_v1	chr4:1011424:1011424:A:T	.
PvP01_04_v1	1011429	C	T	chr4:1011429:1011429:C:T	PvP01_04_v1	chr4:1011429:1011429:C:T	.
PvP01_04_v1	1011434	G	T	chr4:1011434:1011434:G:T	PvP01_04_v1	chr4:1011434:1011434:G:T	.
PvP01_04_v1	1011457	G	A	chr4:1011457:1011457:G:A	PvP01_04_v1	chr4:1011457:1011457:G:A	.
PvP01_04_v1	1011458	T	A	chr4:1011458:1011458:T:A	PvP01_04_v1	chr4:1011458:1011458:T:A	.
PvP01_04_v1	1011462	G	A	chr4:1011462:1011462:G:A	PvP01_04_v1	chr4:1011462:1011462:G:A	.
PvP01_04_v1	1011470	C	T	chr4:1011470:1011470:C:T	PvP01_04_v1	chr4:1011470:1011470:C:T	.
PvP01_04_v1	1011482	C	T	chr4:1011482:1011482:C:T	PvP01_04_v1	chr4:1011482:1011482:C:T	.
PvP01_04_v1	1011488	G	T	chr4:1011488:1011488:G:T	PvP01_04_v1	chr4:1011488:1011488:G:T	.
PvP01_04_v1	1011495	C	T	chr4:1011495:1011495:C:T	PvP01_04_v1	chr4:1011495:1011495:C:T	.
PvP01_04_v1	1011496	T	G	chr4:1011496:1011496:T:G	PvP01_04_v1	chr4:1011496:1011496:T:G	.
PvP01_04_v1	1011498	G	A	chr4:1011498:1011498:G:A	PvP01_04_v1	chr4:1011498:1011498:G:A	.
PvP01_04_v1	1011505	T	A	chr4:1011505:1011505:T:A	PvP01_04_v1	chr4:1011505:1011505:T:A	.
PvP01_04_v1	1011514	G	A	chr4:1011514:1011514:G:A	PvP01_04_v1	chr4:1011514:1011514:G:A	.
PvP01_04_v1	1011515	A	G	chr4:1011515:1011515:A:G	PvP01_04_v1	chr4:1011515:1011515:A:G	.
PvP01_04_v1	1011517	G	A	chr4:1011517:1011517:G:A	PvP01_04_v1	chr4:1011517:1011517:G:A	.
PvP01_04_v1	1011531	T	C	chr4:1011531:1011531:T:C	PvP01_04_v1	chr4:1011531:1011531:T:C	.
PvP01_04_v1	1011536	A	T	chr4:1011536:1011536:A:T	PvP01_04_v1	chr4:1011536:1011536:A:T	.
PvP01_04_v1	1011604	T	C	chr4:1011604:1011604:T:C	PvP01_04_v1	chr4:1011604:1011604:T:C	.
PvP01_04_v1	1011624	G	C	chr4:1011624:1011624:G:C	PvP01_04_v1	chr4:1011624:1011624:G:C	.
PvP01_04_v1	1011627	C	G	chr4:1011627:1011627:C:G	PvP01_04_v1	chr4:1011627:1011627:C:G	.
PvP01_05_v1	252859	T	C	chr5:252859:252859:T:C	PvP01_05_v1	chr5:252859:252859:T:C	.
PvP01_05_v1	408850	G	C	chr5:408850:408850:G:C	PvP01_05_v1	chr5:408850:408850:G:C	.
PvP01_05_v1	410292	A	G	chr5:410292:410292:A:G	PvP01_05_v1	chr5:410292:410292:A:G	.
PvP01_05_v1	410317	T	C	chr5:410317:410317:T:C	PvP01_05_v1	chr5:410317:410317:T:C	.
PvP01_05_v1	410347	G	A	chr5:410347:410347:G:A	PvP01_05_v1	chr5:410347:410347:G:A	.
PvP01_05_v1	410357	A	T	chr5:410357:410357:A:T	PvP01_05_v1	chr5:410357:410357:A:T	.
PvP01_05_v1	410378	G	T	chr5:410378:410378:G:T	PvP01_05_v1	chr5:410378:410378:G:T	.
PvP01_05_v1	410382	G	A	chr5:410382:410382:G:A	PvP01_05_v1	chr5:410382:410382:G:A	.
PvP01_05_v1	435872	C	G	chr5:435872:435872:C:G	PvP01_05_v1	chr5:435872:435872:C:G	.
PvP01_05_v1	436214	G	A	chr5:436214:436214:G:A	PvP01_05_v1	chr5:436214:436214:G:A	.
PvP01_05_v1	436220	G	T	chr5:436220:436220:G:T	PvP01_05_v1	chr5:436220:436220:G:T	.
PvP01_05_v1	436251	C	A	chr5:436251:436251:C:A	PvP01_05_v1	chr5:436251:436251:C:A	.
PvP01_05_v1	436267	A	C	chr5:436267:436267:A:C	PvP01_05_v1	chr5:436267:436267:A:C	.
PvP01_05_v1	436269	G	A	chr5:436269:436269:G:A	PvP01_05_v1	chr5:436269:436269:G:A	.
PvP01_05_v1	436272	A	C	chr5:436272:436272:A:C	PvP01_05_v1	chr5:436272:436272:A:C	.
PvP01_05_v1	486548	C	T	chr5:486548:486548:C:T	PvP01_05_v1	chr5:486548:486548:C:T	.
PvP01_05_v1	509626	T	C	chr5:509626:509626:T:C	PvP01_05_v1	chr5:509626:509626:T:C	.
PvP01_05_v1	509634	T	C	chr5:509634:509634:T:C	PvP01_05_v1	chr5:509634:509634:T:C	.
PvP01_05_v1	1336048	G	A	chr5:1336048:1336048:G:A	PvP01_05_v1	chr5:1336048:1336048:G:A	.
PvP01_05_v1	1336064	T	C	chr5:1336064:1336064:T:C	PvP01_05_v1	chr5:1336064:1336064:T:C	.
PvP01_05_v1	1336886	G	A	chr5:1336886:1336886:G:A	PvP01_05_v1	chr5:1336886:1336886:G:A	.
PvP01_05_v1	1336894	G	A	chr5:1336894:1336894:G:A	PvP01_05_v1	chr5:1336894:1336894:G:A	.
PvP01_05_v1	1338395	T	A	chr5:1338395:1338395:T:A	PvP01_05_v1	chr5:1338395:1338395:T:A	.
PvP01_05_v1	1345541	T	C	chr5:1345541:1345541:T:C	PvP01_05_v1	chr5:1345541:1345541:T:C	.
PvP01_05_v1	1345625	C	T	chr5:1345625:1345625:C:T	PvP01_05_v1	chr5:1345625:1345625:C:T	.
PvP01_05_v1	1345728	C	T	chr5:1345728:1345728:C:T	PvP01_05_v1	chr5:1345728:1345728:C:T	.
PvP01_05_v1	1345745	G	A	chr5:1345745:1345745:G:A	PvP01_05_v1	chr5:1345745:1345745:G:A	.
PvP01_05_v1	1345763	G	A	chr5:1345763:1345763:G:A	PvP01_05_v1	chr5:1345763:1345763:G:A	.
PvP01_05_v1	1345792	A	G	chr5:1345792:1345792:A:G	PvP01_05_v1	chr5:1345792:1345792:A:G	.
PvP01_05_v1	1346675	T	C	chr5:1346675:1346675:T:C	PvP01_05_v1	chr5:1346675:1346675:T:C	.
PvP01_05_v1	1346679	C	T	chr5:1346679:1346679:C:T	PvP01_05_v1	chr5:1346679:1346679:C:T	.
PvP01_05_v1	1346758	C	T	chr5:1346758:1346758:C:T	PvP01_05_v1	chr5:1346758:1346758:C:T	.
PvP01_05_v1	1346815	C	A	chr5:1346815:1346815:C:A	PvP01_05_v1	chr5:1346815:1346815:C:A	.
PvP01_05_v1	1350336	G	C	chr5:1350336:1350336:G:C	PvP01_05_v1	chr5:1350336:1350336:G:C	.
PvP01_06_v1	514972	A	G	chr6:514972:514972:A:G	PvP01_06_v1	chr6:514972:514972:A:G	.
PvP01_06_v1	514978	C	T	chr6:514978:514978:C:T	PvP01_06_v1	chr6:514978:514978:C:T	.
PvP01_06_v1	514981	C	T	chr6:514981:514981:C:T	PvP01_06_v1	chr6:514981:514981:C:T	.
PvP01_06_v1	514995	C	T	chr6:514995:514995:C:T	PvP01_06_v1	chr6:514995:514995:C:T	.
PvP01_06_v1	514996	A	C	chr6:514996:514996:A:C	PvP01_06_v1	chr6:514996:514996:A:C	.
PvP01_06_v1	515004	C	G	chr6:515004:515004:C:G	PvP01_06_v1	chr6:515004:515004:C:G	.
PvP01_06_v1	515011	T	C	chr6:515011:515011:T:C	PvP01_06_v1	chr6:515011:515011:T:C	.
PvP01_06_v1	515018	T	C	chr6:515018:515018:T:C	PvP01_06_v1	chr6:515018:515018:T:C	.
PvP01_06_v1	515022	C	A	chr6:515022:515022:C:A	PvP01_06_v1	chr6:515022:515022:C:A	.
PvP01_07_v1	3806	A	G	chr7:3806:3806:A:G	PvP01_07_v1	chr7:3806:3806:A:G	.
PvP01_07_v1	6154	T	A	chr7:6154:6154:T:A	PvP01_07_v1	chr7:6154:6154:T:A	.
PvP01_07_v1	6258	G	T	chr7:6258:6258:G:T	PvP01_07_v1	chr7:6258:6258:G:T	.
PvP01_07_v1	6338	T	C	chr7:6338:6338:T:C	PvP01_07_v1	chr7:6338:6338:T:C	.
PvP01_07_v1	6375	C	A	chr7:6375:6375:C:A	PvP01_07_v1	chr7:6375:6375:C:A	.
PvP01_07_v1	6434	C	A	chr7:6434:6434:C:A	PvP01_07_v1	chr7:6434:6434:C:A	.
PvP01_07_v1	6510	G	T	chr7:6510:6510:G:T	PvP01_07_v1	chr7:6510:6510:G:T	.
PvP01_07_v1	6533	G	A	chr7:6533:6533:G:A	PvP01_07_v1	chr7:6533:6533:G:A	.
PvP01_07_v1	6601	T	A	chr7:6601:6601:T:A	PvP01_07_v1	chr7:6601:6601:T:A	.
PvP01_07_v1	6636	A	T	chr7:6636:6636:A:T	PvP01_07_v1	chr7:6636:6636:A:T	.
PvP01_07_v1	6737	A	G	chr7:6737:6737:A:G	PvP01_07_v1	chr7:6737:6737:A:G	.
PvP01_07_v1	6824	C	A	chr7:6824:6824:C:A	PvP01_07_v1	chr7:6824:6824:C:A	.
PvP01_07_v1	7058	G	T	chr7:7058:7058:G:T	PvP01_07_v1	chr7:7058:7058:G:T	.
PvP01_07_v1	7134	C	T	chr7:7134:7134:C:T	PvP01_07_v1	chr7:7134:7134:C:T	.
PvP01_07_v1	7214	G	T	chr7:7214:7214:G:T	PvP01_07_v1	chr7:7214:7214:G:T	.
PvP01_07_v1	7271	G	A	chr7:7271:7271:G:A	PvP01_07_v1	chr7:7271:7271:G:A	.
PvP01_07_v1	7329	A	T	chr7:7329:7329:A:T	PvP01_07_v1	chr7:7329:7329:A:T	.
PvP01_07_v1	146825	T	A	chr7:146825:146825:T:A	PvP01_07_v1	chr7:146825:146825:T:A	.
PvP01_07_v1	326517	T	G	chr7:326517:326517:T:G	PvP01_07_v1	chr7:326517:326517:T:G	.
PvP01_07_v1	541714	C	A	chr7:541714:541714:C:A	PvP01_07_v1	chr7:541714:541714:C:A	.
PvP01_07_v1	1142335	A	C	chr7:1142335:1142335:A:C	PvP01_07_v1	chr7:1142335:1142335:A:C	.
PvP01_07_v1	1142484	C	G	chr7:1142484:1142484:C:G	PvP01_07_v1	chr7:1142484:1142484:C:G	.
PvP01_07_v1	1142529	C	T	chr7:1142529:1142529:C:T	PvP01_07_v1	chr7:1142529:1142529:C:T	.
PvP01_07_v1	1430894	C	T	chr7:1430894:1430894:C:T	PvP01_07_v1	chr7:1430894:1430894:C:T	.
PvP01_07_v1	1434742	T	A	chr7:1434742:1434742:T:A	PvP01_07_v1	chr7:1434742:1434742:T:A	.
PvP01_07_v1	1434792	C	T	chr7:1434792:1434792:C:T	PvP01_07_v1	chr7:1434792:1434792:C:T	.
PvP01_07_v1	1437822	G	T	chr7:1437822:1437822:G:T	PvP01_07_v1	chr7:1437822:1437822:G:T	.
PvP01_07_v1	1437875	C	A	chr7:1437875:1437875:C:A	PvP01_07_v1	chr7:1437875:1437875:C:A	.
PvP01_07_v1	1437910	G	A	chr7:1437910:1437910:G:A	PvP01_07_v1	chr7:1437910:1437910:G:A	.
PvP01_07_v1	1437945	C	A	chr7:1437945:1437945:C:A	PvP01_07_v1	chr7:1437945:1437945:C:A	.
PvP01_07_v1	1437964	C	T	chr7:1437964:1437964:C:T	PvP01_07_v1	chr7:1437964:1437964:C:T	.
PvP01_07_v1	1438020	T	G	chr7:1438020:1438020:T:G	PvP01_07_v1	chr7:1438020:1438020:T:G	.
PvP01_07_v1	1438027	C	T	chr7:1438027:1438027:C:T	PvP01_07_v1	chr7:1438027:1438027:C:T	.
PvP01_07_v1	1438106	T	A	chr7:1438106:1438106:T:A	PvP01_07_v1	chr7:1438106:1438106:T:A	.
PvP01_07_v1	1438129	A	G	chr7:1438129:1438129:A:G	PvP01_07_v1	chr7:1438129:1438129:A:G	.
PvP01_07_v1	1438148	C	T	chr7:1438148:1438148:C:T	PvP01_07_v1	chr7:1438148:1438148:C:T	.
PvP01_07_v1	1438158	G	A	chr7:1438158:1438158:G:A	PvP01_07_v1	chr7:1438158:1438158:G:A	.
PvP01_07_v1	1438190	A	G	chr7:1438190:1438190:A:G	PvP01_07_v1	chr7:1438190:1438190:A:G	.
PvP01_07_v1	1438217	G	T	chr7:1438217:1438217:G:T	PvP01_07_v1	chr7:1438217:1438217:G:T	.
PvP01_07_v1	1438252	G	T	chr7:1438252:1438252:G:T	PvP01_07_v1	chr7:1438252:1438252:G:T	.
PvP01_07_v1	1438277	A	G	chr7:1438277:1438277:A:G	PvP01_07_v1	chr7:1438277:1438277:A:G	.
PvP01_07_v1	1438299	T	A	chr7:1438299:1438299:T:A	PvP01_07_v1	chr7:1438299:1438299:T:A	.
PvP01_07_v1	1438368	G	A	chr7:1438368:1438368:G:A	PvP01_07_v1	chr7:1438368:1438368:G:A	.
PvP01_07_v1	1438598	C	T	chr7:1438598:1438598:C:T	PvP01_07_v1	chr7:1438598:1438598:C:T	.
PvP01_08_v1	288337	G	T	chr8:288337:288337:G:T	PvP01_08_v1	chr8:288337:288337:G:T	.
PvP01_08_v1	290435	T	A	chr8:290435:290435:T:A	PvP01_08_v1	chr8:290435:290435:T:A	.
PvP01_08_v1	510958	T	G	chr8:510958:510958:T:G	PvP01_08_v1	chr8:510958:510958:T:G	.
PvP01_08_v1	510968	C	G	chr8:510968:510968:C:G	PvP01_08_v1	chr8:510968:510968:C:G	.
PvP01_08_v1	511001	A	C	chr8:511001:511001:A:C	PvP01_08_v1	chr8:511001:511001:A:C	.
PvP01_08_v1	511023	C	A	chr8:511023:511023:C:A	PvP01_08_v1	chr8:511023:511023:C:A	.
PvP01_08_v1	520589	A	G	chr8:520589:520589:A:G	PvP01_08_v1	chr8:520589:520589:A:G	.
PvP01_08_v1	520590	T	G	chr8:520590:520590:T:G	PvP01_08_v1	chr8:520590:520590:T:G	.
PvP01_08_v1	520672	C	T	chr8:520672:520672:C:T	PvP01_08_v1	chr8:520672:520672:C:T	.
PvP01_09_v1	1219653	G	A	chr9:1219653:1219653:G:A	PvP01_09_v1	chr9:1219653:1219653:G:A	.
PvP01_09_v1	1219710	G	C	chr9:1219710:1219710:G:C	PvP01_09_v1	chr9:1219710:1219710:G:C	.
PvP01_09_v1	1221472	T	A	chr9:1221472:1221472:T:A	PvP01_09_v1	chr9:1221472:1221472:T:A	.
PvP01_09_v1	1221493	A	G	chr9:1221493:1221493:A:G	PvP01_09_v1	chr9:1221493:1221493:A:G	.
PvP01_09_v1	1223297	C	A	chr9:1223297:1223297:C:A	PvP01_09_v1	chr9:1223297:1223297:C:A	.
PvP01_09_v1	1223335	A	G	chr9:1223335:1223335:A:G	PvP01_09_v1	chr9:1223335:1223335:A:G	.
PvP01_09_v1	1223564	T	C	chr9:1223564:1223564:T:C	PvP01_09_v1	chr9:1223564:1223564:T:C	.
PvP01_09_v1	1225498	G	A	chr9:1225498:1225498:G:A	PvP01_09_v1	chr9:1225498:1225498:G:A	.
PvP01_09_v1	1225535	G	A	chr9:1225535:1225535:G:A	PvP01_09_v1	chr9:1225535:1225535:G:A	.
PvP01_09_v1	1225557	G	T	chr9:1225557:1225557:G:T	PvP01_09_v1	chr9:1225557:1225557:G:T	.
PvP01_09_v1	1225697	C	A	chr9:1225697:1225697:C:A	PvP01_09_v1	chr9:1225697:1225697:C:A	.
PvP01_09_v1	1225762	A	G	chr9:1225762:1225762:A:G	PvP01_09_v1	chr9:1225762:1225762:A:G	.
PvP01_09_v1	1226075	C	T	chr9:1226075:1226075:C:T	PvP01_09_v1	chr9:1226075:1226075:C:T	.
PvP01_09_v1	1226131	C	T	chr9:1226131:1226131:C:T	PvP01_09_v1	chr9:1226131:1226131:C:T	.
PvP01_09_v1	1226193	C	G	chr9:1226193:1226193:C:G	PvP01_09_v1	chr9:1226193:1226193:C:G	.
PvP01_09_v1	1226227	T	G	chr9:1226227:1226227:T:G	PvP01_09_v1	chr9:1226227:1226227:T:G	.
PvP01_09_v1	1226280	G	T	chr9:1226280:1226280:G:T	PvP01_09_v1	chr9:1226280:1226280:G:T	.
PvP01_09_v1	1226308	C	T	chr9:1226308:1226308:C:T	PvP01_09_v1	chr9:1226308:1226308:C:T	.
PvP01_09_v1	1226326	G	A	chr9:1226326:1226326:G:A	PvP01_09_v1	chr9:1226326:1226326:G:A	.
PvP01_09_v1	1226364	A	G	chr9:1226364:1226364:A:G	PvP01_09_v1	chr9:1226364:1226364:A:G	.
PvP01_09_v1	1226432	A	G	chr9:1226432:1226432:A:G	PvP01_09_v1	chr9:1226432:1226432:A:G	.
PvP01_09_v1	1231281	A	C	chr9:1231281:1231281:A:C	PvP01_09_v1	chr9:1231281:1231281:A:C	.
PvP01_09_v1	1232417	G	A	chr9:1232417:1232417:G:A	PvP01_09_v1	chr9:1232417:1232417:G:A	.
PvP01_09_v1	1232455	A	G	chr9:1232455:1232455:A:G	PvP01_09_v1	chr9:1232455:1232455:A:G	.
PvP01_09_v1	1232514	T	C	chr9:1232514:1232514:T:C	PvP01_09_v1	chr9:1232514:1232514:T:C	.
PvP01_09_v1	1232676	C	T	chr9:1232676:1232676:C:T	PvP01_09_v1	chr9:1232676:1232676:C:T	.
PvP01_09_v1	1233242	G	C	chr9:1233242:1233242:G:C	PvP01_09_v1	chr9:1233242:1233242:G:C	.
PvP01_09_v1	1233387	G	T	chr9:1233387:1233387:G:T	PvP01_09_v1	chr9:1233387:1233387:G:T	.
PvP01_09_v1	1233404	G	T	chr9:1233404:1233404:G:T	PvP01_09_v1	chr9:1233404:1233404:G:T	.
PvP01_09_v1	1233437	G	T	chr9:1233437:1233437:G:T	PvP01_09_v1	chr9:1233437:1233437:G:T	.
PvP01_09_v1	1233602	A	G	chr9:1233602:1233602:A:G	PvP01_09_v1	chr9:1233602:1233602:A:G	.
PvP01_09_v1	1233628	C	T	chr9:1233628:1233628:C:T	PvP01_09_v1	chr9:1233628:1233628:C:T	.
PvP01_09_v1	1233633	C	T	chr9:1233633:1233633:C:T	PvP01_09_v1	chr9:1233633:1233633:C:T	.
PvP01_09_v1	1234241	C	T	chr9:1234241:1234241:C:T	PvP01_09_v1	chr9:1234241:1234241:C:T	.
PvP01_09_v1	1234358	C	A	chr9:1234358:1234358:C:A	PvP01_09_v1	chr9:1234358:1234358:C:A	.
PvP01_09_v1	1234402	A	C	chr9:1234402:1234402:A:C	PvP01_09_v1	chr9:1234402:1234402:A:C	.
PvP01_09_v1	1238533	C	A	chr9:1238533:1238533:C:A	PvP01_09_v1	chr9:1238533:1238533:C:A	.
PvP01_09_v1	1870796	A	C	chr9:1870796:1870796:A:C	PvP01_09_v1	chr9:1870796:1870796:A:C	.
PvP01_09_v1	1870908	T	C	chr9:1870908:1870908:T:C	PvP01_09_v1	chr9:1870908:1870908:T:C	.
PvP01_09_v1	1875698	A	C	chr9:1875698:1875698:A:C	PvP01_09_v1	chr9:1875698:1875698:A:C	.
PvP01_09_v1	1875731	T	G	chr9:1875731:1875731:T:G	PvP01_09_v1	chr9:1875731:1875731:T:G	.
PvP01_09_v1	1875903	C	T	chr9:1875903:1875903:C:T	PvP01_09_v1	chr9:1875903:1875903:C:T	.
PvP01_09_v1	1875954	G	A	chr9:1875954:1875954:G:A	PvP01_09_v1	chr9:1875954:1875954:G:A	.
PvP01_09_v1	1875995	C	T	chr9:1875995:1875995:C:T	PvP01_09_v1	chr9:1875995:1875995:C:T	.
PvP01_09_v1	1876036	G	A	chr9:1876036:1876036:G:A	PvP01_09_v1	chr9:1876036:1876036:G:A	.
PvP01_09_v1	1876101	C	T	chr9:1876101:1876101:C:T	PvP01_09_v1	chr9:1876101:1876101:C:T	.
PvP01_09_v1	1876130	T	C	chr9:1876130:1876130:T:C	PvP01_09_v1	chr9:1876130:1876130:T:C	.
PvP01_09_v1	1877451	C	T	chr9:1877451:1877451:C:T	PvP01_09_v1	chr9:1877451:1877451:C:T	.
PvP01_09_v1	1878351	A	G	chr9:1878351:1878351:A:G	PvP01_09_v1	chr9:1878351:1878351:A:G	.
PvP01_09_v1	1878387	T	C	chr9:1878387:1878387:T:C	PvP01_09_v1	chr9:1878387:1878387:T:C	.
PvP01_10_v1	218827	T	C	chr10:218827:218827:T:C	PvP01_10_v1	chr10:218827:218827:T:C	.
PvP01_10_v1	218830	G	C	chr10:218830:218830:G:C	PvP01_10_v1	chr10:218830:218830:G:C	.
PvP01_10_v1	218848	A	G	chr10:218848:218848:A:G	PvP01_10_v1	chr10:218848:218848:A:G	.
PvP01_10_v1	218856	C	A	chr10:218856:218856:C:A	PvP01_10_v1	chr10:218856:218856:C:A	.
PvP01_10_v1	218866	G	A	chr10:218866:218866:G:A	PvP01_10_v1	chr10:218866:218866:G:A	.
PvP01_10_v1	218879	C	A	chr10:218879:218879:C:A	PvP01_10_v1	chr10:218879:218879:C:A	.
PvP01_10_v1	218887	C	T	chr10:218887:218887:C:T	PvP01_10_v1	chr10:218887:218887:C:T	.
PvP01_10_v1	218896	A	T	chr10:218896:218896:A:T	PvP01_10_v1	chr10:218896:218896:A:T	.
PvP01_10_v1	218904	A	C	chr10:218904:218904:A:C	PvP01_10_v1	chr10:218904:218904:A:C	.
PvP01_10_v1	218920	A	G	chr10:218920:218920:A:G	PvP01_10_v1	chr10:218920:218920:A:G	.
PvP01_10_v1	218927	C	T	chr10:218927:218927:C:T	PvP01_10_v1	chr10:218927:218927:C:T	.
PvP01_10_v1	218931	A	G	chr10:218931:218931:A:G	PvP01_10_v1	chr10:218931:218931:A:G	.
PvP01_10_v1	218949	C	G	chr10:218949:218949:C:G	PvP01_10_v1	chr10:218949:218949:C:G	.
PvP01_10_v1	218955	A	G	chr10:218955:218955:A:G	PvP01_10_v1	chr10:218955:218955:A:G	.
PvP01_10_v1	218959	T	C	chr10:218959:218959:T:C	PvP01_10_v1	chr10:218959:218959:T:C	.
PvP01_10_v1	218981	T	C	chr10:218981:218981:T:C	PvP01_10_v1	chr10:218981:218981:T:C	.
PvP01_10_v1	218988	T	C	chr10:218988:218988:T:C	PvP01_10_v1	chr10:218988:218988:T:C	.
PvP01_10_v1	218995	G	A	chr10:218995:218995:G:A	PvP01_10_v1	chr10:218995:218995:G:A	.
PvP01_10_v1	219020	T	G	chr10:219020:219020:T:G	PvP01_10_v1	chr10:219020:219020:T:G	.
PvP01_10_v1	219023	G	A	chr10:219023:219023:G:A	PvP01_10_v1	chr10:219023:219023:G:A	.
PvP01_10_v1	219025	C	T	chr10:219025:219025:C:T	PvP01_10_v1	chr10:219025:219025:C:T	.
PvP01_10_v1	219033	A	G	chr10:219033:219033:A:G	PvP01_10_v1	chr10:219033:219033:A:G	.
PvP01_10_v1	219058	G	A	chr10:219058:219058:G:A	PvP01_10_v1	chr10:219058:219058:G:A	.
PvP01_10_v1	219060	C	A	chr10:219060:219060:C:A	PvP01_10_v1	chr10:219060:219060:C:A	.
PvP01_10_v1	219071	C	A	chr10:219071:219071:C:A	PvP01_10_v1	chr10:219071:219071:C:A	.
PvP01_10_v1	637102	C	T	chr10:637102:637102:C:T	PvP01_10_v1	chr10:637102:637102:C:T	.
PvP01_10_v1	637189	G	A	chr10:637189:637189:G:A	PvP01_10_v1	chr10:637189:637189:G:A	.
PvP01_10_v1	637215	A	G	chr10:637215:637215:A:G	PvP01_10_v1	chr10:637215:637215:A:G	.
PvP01_10_v1	637223	G	A	chr10:637223:637223:G:A	PvP01_10_v1	chr10:637223:637223:G:A	.
PvP01_10_v1	637255	C	G	chr10:637255:637255:C:G	PvP01_10_v1	chr10:637255:637255:C:G	.
PvP01_10_v1	637360	C	T	chr10:637360:637360:C:T	PvP01_10_v1	chr10:637360:637360:C:T	.
PvP01_10_v1	637374	T	A	chr10:637374:637374:T:A	PvP01_10_v1	chr10:637374:637374:T:A	.
PvP01_10_v1	637388	C	G	chr10:637388:637388:C:G	PvP01_10_v1	chr10:637388:637388:C:G	.
PvP01_10_v1	637395	G	T	chr10:637395:637395:G:T	PvP01_10_v1	chr10:637395:637395:G:T	.
PvP01_10_v1	637403	A	T	chr10:637403:637403:A:T	PvP01_10_v1	chr10:637403:637403:A:T	.
PvP01_10_v1	637416	T	C	chr10:637416:637416:T:C	PvP01_10_v1	chr10:637416:637416:T:C	.
PvP01_10_v1	637423	C	T	chr10:637423:637423:C:T	PvP01_10_v1	chr10:637423:637423:C:T	.
PvP01_10_v1	637440	A	C	chr10:637440:637440:A:C	PvP01_10_v1	chr10:637440:637440:A:C	.
PvP01_10_v1	637452	G	A	chr10:637452:637452:G:A	PvP01_10_v1	chr10:637452:637452:G:A	.
PvP01_10_v1	637461	A	G	chr10:637461:637461:A:G	PvP01_10_v1	chr10:637461:637461:A:G	.
PvP01_10_v1	637485	C	T	chr10:637485:637485:C:T	PvP01_10_v1	chr10:637485:637485:C:T	.
PvP01_10_v1	637505	G	A	chr10:637505:637505:G:A	PvP01_10_v1	chr10:637505:637505:G:A	.
PvP01_10_v1	637510	A	G	chr10:637510:637510:A:G	PvP01_10_v1	chr10:637510:637510:A:G	.
PvP01_10_v1	637517	T	C	chr10:637517:637517:T:C	PvP01_10_v1	chr10:637517:637517:T:C	.
PvP01_10_v1	637555	G	C	chr10:637555:637555:G:C	PvP01_10_v1	chr10:637555:637555:G:C	.
PvP01_10_v1	637866	A	G	chr10:637866:637866:A:G	PvP01_10_v1	chr10:637866:637866:A:G	.
PvP01_10_v1	637884	T	C	chr10:637884:637884:T:C	PvP01_10_v1	chr10:637884:637884:T:C	.
PvP01_10_v1	638153	A	G	chr10:638153:638153:A:G	PvP01_10_v1	chr10:638153:638153:A:G	.
PvP01_10_v1	638205	G	A	chr10:638205:638205:G:A	PvP01_10_v1	chr10:638205:638205:G:A	.
PvP01_10_v1	1054370	G	A	chr10:1054370:1054370:G:A	PvP01_10_v1	chr10:1054370:1054370:G:A	.
PvP01_10_v1	1332868	C	T	chr10:1332868:1332868:C:T	PvP01_10_v1	chr10:1332868:1332868:C:T	.
PvP01_10_v1	1332899	C	T	chr10:1332899:1332899:C:T	PvP01_10_v1	chr10:1332899:1332899:C:T	.
PvP01_10_v1	1332908	G	A	chr10:1332908:1332908:G:A	PvP01_10_v1	chr10:1332908:1332908:G:A	.
PvP01_10_v1	1348883	A	C	chr10:1348883:1348883:A:C	PvP01_10_v1	chr10:1348883:1348883:A:C	.
PvP01_11_v1	450767	C	T	chr11:450767:450767:C:T	PvP01_11_v1	chr11:450767:450767:C:T	.
PvP01_11_v1	450808	C	T	chr11:450808:450808:C:T	PvP01_11_v1	chr11:450808:450808:C:T	.
PvP01_11_v1	450813	T	A	chr11:450813:450813:T:A	PvP01_11_v1	chr11:450813:450813:T:A	.
PvP01_11_v1	754111	G	A	chr11:754111:754111:G:A	PvP01_11_v1	chr11:754111:754111:G:A	.
PvP01_11_v1	754112	G	T	chr11:754112:754112:G:T	PvP01_11_v1	chr11:754112:754112:G:T	.
PvP01_11_v1	754113	T	C	chr11:754113:754113:T:C	PvP01_11_v1	chr11:754113:754113:T:C	.
PvP01_11_v1	754118	C	T	chr11:754118:754118:C:T	PvP01_11_v1	chr11:754118:754118:C:T	.
PvP01_11_v1	754123	A	G	chr11:754123:754123:A:G	PvP01_11_v1	chr11:754123:754123:A:G	.
PvP01_11_v1	754135	C	T	chr11:754135:754135:C:T	PvP01_11_v1	chr11:754135:754135:C:T	.
PvP01_11_v1	754153	A	G	chr11:754153:754153:A:G	PvP01_11_v1	chr11:754153:754153:A:G	.
PvP01_11_v1	754156	G	A	chr11:754156:754156:G:A	PvP01_11_v1	chr11:754156:754156:G:A	.
PvP01_11_v1	754159	G	C	chr11:754159:754159:G:C	PvP01_11_v1	chr11:754159:754159:G:C	.
PvP01_11_v1	754161	G	A	chr11:754161:754161:G:A	PvP01_11_v1	chr11:754161:754161:G:A	.
PvP01_11_v1	754171	G	A	chr11:754171:754171:G:A	PvP01_11_v1	chr11:754171:754171:G:A	.
PvP01_11_v1	754184	A	C	chr11:754184:754184:A:C	PvP01_11_v1	chr11:754184:754184:A:C	.
PvP01_11_v1	754192	T	C	chr11:754192:754192:T:C	PvP01_11_v1	chr11:754192:754192:T:C	.
PvP01_11_v1	754197	T	C	chr11:754197:754197:T:C	PvP01_11_v1	chr11:754197:754197:T:C	.
PvP01_11_v1	754686	T	A	chr11:754686:754686:T:A	PvP01_11_v1	chr11:754686:754686:T:A	.
PvP01_11_v1	832471	T	C	chr11:832471:832471:T:C	PvP01_11_v1	chr11:832471:832471:T:C	.
PvP01_11_v1	1066287	C	T	chr11:1066287:1066287:C:T	PvP01_11_v1	chr11:1066287:1066287:C:T	.
PvP01_11_v1	1848947	G	C	chr11:1848947:1848947:G:C	PvP01_11_v1	chr11:1848947:1848947:G:C	.
PvP01_11_v1	1848948	C	T	chr11:1848948:1848948:C:T	PvP01_11_v1	chr11:1848948:1848948:C:T	.
PvP01_11_v1	1849258	T	C	chr11:1849258:1849258:T:C	PvP01_11_v1	chr11:1849258:1849258:T:C	.
PvP01_11_v1	1849275	G	A	chr11:1849275:1849275:G:A	PvP01_11_v1	chr11:1849275:1849275:G:A	.
PvP01_11_v1	1849437	A	C	chr11:1849437:1849437:A:C	PvP01_11_v1	chr11:1849437:1849437:A:C	.
PvP01_11_v1	1849440	G	A	chr11:1849440:1849440:G:A	PvP01_11_v1	chr11:1849440:1849440:G:A	.
PvP01_11_v1	1849459	A	G	chr11:1849459:1849459:A:G	PvP01_11_v1	chr11:1849459:1849459:A:G	.
PvP01_11_v1	1861605	C	T	chr11:1861605:1861605:C:T	PvP01_11_v1	chr11:1861605:1861605:C:T	.
PvP01_11_v1	1861646	C	A	chr11:1861646:1861646:C:A	PvP01_11_v1	chr11:1861646:1861646:C:A	.
PvP01_11_v1	1861649	C	T	chr11:1861649:1861649:C:T	PvP01_11_v1	chr11:1861649:1861649:C:T	.
PvP01_11_v1	1861652	A	G	chr11:1861652:1861652:A:G	PvP01_11_v1	chr11:1861652:1861652:A:G	.
PvP01_11_v1	1861694	G	C	chr11:1861694:1861694:G:C	PvP01_11_v1	chr11:1861694:1861694:G:C	.
PvP01_11_v1	1981823	A	G	chr11:1981823:1981823:A:G	PvP01_11_v1	chr11:1981823:1981823:A:G	.
PvP01_11_v1	1981829	A	G	chr11:1981829:1981829:A:G	PvP01_11_v1	chr11:1981829:1981829:A:G	.
PvP01_11_v1	1981830	G	A	chr11:1981830:1981830:G:A	PvP01_11_v1	chr11:1981830:1981830:G:A	.
PvP01_11_v1	1981838	G	T	chr11:1981838:1981838:G:T	PvP01_11_v1	chr11:1981838:1981838:G:T	.
PvP01_11_v1	1981842	C	T	chr11:1981842:1981842:C:T	PvP01_11_v1	chr11:1981842:1981842:C:T	.
PvP01_11_v1	1981843	C	T	chr11:1981843:1981843:C:T	PvP01_11_v1	chr11:1981843:1981843:C:T	.
PvP01_11_v1	1981851	G	T	chr11:1981851:1981851:G:T	PvP01_11_v1	chr11:1981851:1981851:G:T	.
PvP01_11_v1	1981853	T	C	chr11:1981853:1981853:T:C	PvP01_11_v1	chr11:1981853:1981853:T:C	.
PvP01_11_v1	1981857	G	A	chr11:1981857:1981857:G:A	PvP01_11_v1	chr11:1981857:1981857:G:A	.
PvP01_11_v1	1981861	C	A	chr11:1981861:1981861:C:A	PvP01_11_v1	chr11:1981861:1981861:C:A	.
PvP01_11_v1	1981863	C	A	chr11:1981863:1981863:C:A	PvP01_11_v1	chr11:1981863:1981863:C:A	.
PvP01_11_v1	1981869	G	A	chr11:1981869:1981869:G:A	PvP01_11_v1	chr11:1981869:1981869:G:A	.
PvP01_11_v1	1981879	C	G	chr11:1981879:1981879:C:G	PvP01_11_v1	chr11:1981879:1981879:C:G	.
PvP01_11_v1	1981884	G	A	chr11:1981884:1981884:G:A	PvP01_11_v1	chr11:1981884:1981884:G:A	.
PvP01_11_v1	1981886	G	A	chr11:1981886:1981886:G:A	PvP01_11_v1	chr11:1981886:1981886:G:A	.
PvP01_11_v1	1981906	G	T	chr11:1981906:1981906:G:T	PvP01_11_v1	chr11:1981906:1981906:G:T	.
PvP01_11_v1	1981912	C	G	chr11:1981912:1981912:C:G	PvP01_11_v1	chr11:1981912:1981912:C:G	.
PvP01_11_v1	1981915	C	G	chr11:1981915:1981915:C:G	PvP01_11_v1	chr11:1981915:1981915:C:G	.
PvP01_11_v1	1981925	G	A	chr11:1981925:1981925:G:A	PvP01_11_v1	chr11:1981925:1981925:G:A	.
PvP01_12_v1	391185	C	G	chr12:391185:391185:C:G	PvP01_12_v1	chr12:391185:391185:C:G	.
PvP01_12_v1	393401	C	T	chr12:393401:393401:C:T	PvP01_12_v1	chr12:393401:393401:C:T	.
PvP01_12_v1	393653	T	G	chr12:393653:393653:T:G	PvP01_12_v1	chr12:393653:393653:T:G	.
PvP01_12_v1	401666	C	A	chr12:401666:401666:C:A	PvP01_12_v1	chr12:401666:401666:C:A	.
PvP01_12_v1	401693	G	A	chr12:401693:401693:G:A	PvP01_12_v1	chr12:401693:401693:G:A	.
PvP01_12_v1	401729	C	T	chr12:401729:401729:C:T	PvP01_12_v1	chr12:401729:401729:C:T	.
PvP01_12_v1	402192	G	A	chr12:402192:402192:G:A	PvP01_12_v1	chr12:402192:402192:G:A	.
PvP01_12_v1	404129	A	G	chr12:404129:404129:A:G	PvP01_12_v1	chr12:404129:404129:A:G	.
PvP01_12_v1	811211	C	A	chr12:811211:811211:C:A	PvP01_12_v1	chr12:811211:811211:C:A	.
PvP01_12_v1	811250	C	T	chr12:811250:811250:C:T	PvP01_12_v1	chr12:811250:811250:C:T	.
PvP01_12_v1	1607833	T	C	chr12:1607833:1607833:T:C	PvP01_12_v1	chr12:1607833:1607833:T:C	.
PvP01_12_v1	1607847	C	A	chr12:1607847:1607847:C:A	PvP01_12_v1	chr12:1607847:1607847:C:A	.
PvP01_12_v1	2365752	T	C	chr12:2365752:2365752:T:C	PvP01_12_v1	chr12:2365752:2365752:T:C	.
PvP01_12_v1	2365800	G	A	chr12:2365800:2365800:G:A	PvP01_12_v1	chr12:2365800:2365800:G:A	.
PvP01_12_v1	2374596	T	A	chr12:2374596:2374596:T:A	PvP01_12_v1	chr12:2374596:2374596:T:A	.
PvP01_12_v1	2375267	G	A	chr12:2375267:2375267:G:A	PvP01_12_v1	chr12:2375267:2375267:G:A	.
PvP01_12_v1	2375288	G	A	chr12:2375288:2375288:G:A	PvP01_12_v1	chr12:2375288:2375288:G:A	.
PvP01_12_v1	2375302	G	C	chr12:2375302:2375302:G:C	PvP01_12_v1	chr12:2375302:2375302:G:C	.
PvP01_12_v1	2375699	G	T	chr12:2375699:2375699:G:T	PvP01_12_v1	chr12:2375699:2375699:G:T	.
PvP01_12_v1	2381292	C	A	chr12:2381292:2381292:C:A	PvP01_12_v1	chr12:2381292:2381292:C:A	.
PvP01_12_v1	2381341	C	T	chr12:2381341:2381341:C:T	PvP01_12_v1	chr12:2381341:2381341:C:T	.
PvP01_12_v1	2381383	C	T	chr12:2381383:2381383:C:T	PvP01_12_v1	chr12:2381383:2381383:C:T	.
PvP01_12_v1	2381439	G	A	chr12:2381439:2381439:G:A	PvP01_12_v1	chr12:2381439:2381439:G:A	.
PvP01_12_v1	2383446	A	G	chr12:2383446:2383446:A:G	PvP01_12_v1	chr12:2383446:2383446:A:G	.
PvP01_12_v1	2383466	C	T	chr12:2383466:2383466:C:T	PvP01_12_v1	chr12:2383466:2383466:C:T	.
PvP01_12_v1	2384461	G	A	chr12:2384461:2384461:G:A	PvP01_12_v1	chr12:2384461:2384461:G:A	.
PvP01_12_v1	2384533	A	T	chr12:2384533:2384533:A:T	PvP01_12_v1	chr12:2384533:2384533:A:T	.
PvP01_12_v1	2384564	G	C	chr12:2384564:2384564:G:C	PvP01_12_v1	chr12:2384564:2384564:G:C	.
PvP01_12_v1	2384583	C	T	chr12:2384583:2384583:C:T	PvP01_12_v1	chr12:2384583:2384583:C:T	.
PvP01_12_v1	2384610	C	T	chr12:2384610:2384610:C:T	PvP01_12_v1	chr12:2384610:2384610:C:T	.
PvP01_12_v1	2384690	T	C	chr12:2384690:2384690:T:C	PvP01_12_v1	chr12:2384690:2384690:T:C	.
PvP01_12_v1	2384723	G	T	chr12:2384723:2384723:G:T	PvP01_12_v1	chr12:2384723:2384723:G:T	.
PvP01_12_v1	2384909	C	T	chr12:2384909:2384909:C:T	PvP01_12_v1	chr12:2384909:2384909:C:T	.
PvP01_12_v1	2384928	C	T	chr12:2384928:2384928:C:T	PvP01_12_v1	chr12:2384928:2384928:C:T	.
PvP01_12_v1	2384949	C	G	chr12:2384949:2384949:C:G	PvP01_12_v1	chr12:2384949:2384949:C:G	.
PvP01_12_v1	2385027	C	T	chr12:2385027:2385027:C:T	PvP01_12_v1	chr12:2385027:2385027:C:T	.
PvP01_12_v1	2385758	G	C	chr12:2385758:2385758:G:C	PvP01_12_v1	chr12:2385758:2385758:G:C	.
PvP01_12_v1	2385776	C	T	chr12:2385776:2385776:C:T	PvP01_12_v1	chr12:2385776:2385776:C:T	.
PvP01_12_v1	2385798	C	T	chr12:2385798:2385798:C:T	PvP01_12_v1	chr12:2385798:2385798:C:T	.
PvP01_12_v1	2385816	T	C	chr12:2385816:2385816:T:C	PvP01_12_v1	chr12:2385816:2385816:T:C	.
PvP01_12_v1	2385875	C	T	chr12:2385875:2385875:C:T	PvP01_12_v1	chr12:2385875:2385875:C:T	.
PvP01_12_v1	2385891	C	T	chr12:2385891:2385891:C:T	PvP01_12_v1	chr12:2385891:2385891:C:T	.
PvP01_12_v1	2385927	G	A	chr12:2385927:2385927:G:A	PvP01_12_v1	chr12:2385927:2385927:G:A	.
PvP01_12_v1	2387496	G	C	chr12:2387496:2387496:G:C	PvP01_12_v1	chr12:2387496:2387496:G:C	.
PvP01_12_v1	2387696	C	G	chr12:2387696:2387696:C:G	PvP01_12_v1	chr12:2387696:2387696:C:G	.
PvP01_12_v1	2387729	A	G	chr12:2387729:2387729:A:G	PvP01_12_v1	chr12:2387729:2387729:A:G	.
PvP01_12_v1	2393140	C	T	chr12:2393140:2393140:C:T	PvP01_12_v1	chr12:2393140:2393140:C:T	.
PvP01_12_v1	2393235	C	T	chr12:2393235:2393235:C:T	PvP01_12_v1	chr12:2393235:2393235:C:T	.
PvP01_13_v1	138641	A	G	chr13:138641:138641:A:G	PvP01_13_v1	chr13:138641:138641:A:G	.
PvP01_13_v1	283979	G	A	chr13:283979:283979:G:A	PvP01_13_v1	chr13:283979:283979:G:A	.
PvP01_13_v1	284019	T	C	chr13:284019:284019:T:C	PvP01_13_v1	chr13:284019:284019:T:C	.
PvP01_13_v1	284185	G	A	chr13:284185:284185:G:A	PvP01_13_v1	chr13:284185:284185:G:A	.
PvP01_13_v1	284191	A	C	chr13:284191:284191:A:C	PvP01_13_v1	chr13:284191:284191:A:C	.
PvP01_13_v1	284216	G	C	chr13:284216:284216:G:C	PvP01_13_v1	chr13:284216:284216:G:C	.
PvP01_13_v1	301304	C	A	chr13:301304:301304:C:A	PvP01_13_v1	chr13:301304:301304:C:A	.
PvP01_13_v1	301308	G	A	chr13:301308:301308:G:A	PvP01_13_v1	chr13:301308:301308:G:A	.
PvP01_13_v1	301338	G	C	chr13:301338:301338:G:C	PvP01_13_v1	chr13:301338:301338:G:C	.
PvP01_13_v1	302363	C	T	chr13:302363:302363:C:T	PvP01_13_v1	chr13:302363:302363:C:T	.
PvP01_13_v1	302395	C	A	chr13:302395:302395:C:A	PvP01_13_v1	chr13:302395:302395:C:A	.
PvP01_13_v1	302402	T	C	chr13:302402:302402:T:C	PvP01_13_v1	chr13:302402:302402:T:C	.
PvP01_13_v1	302432	G	A	chr13:302432:302432:G:A	PvP01_13_v1	chr13:302432:302432:G:A	.
PvP01_13_v1	302444	C	A	chr13:302444:302444:C:A	PvP01_13_v1	chr13:302444:302444:C:A	.
PvP01_13_v1	302457	G	T	chr13:302457:302457:G:T	PvP01_13_v1	chr13:302457:302457:G:T	.
PvP01_13_v1	302462	T	G	chr13:302462:302462:T:G	PvP01_13_v1	chr13:302462:302462:T:G	.
PvP01_13_v1	302479	G	T	chr13:302479:302479:G:T	PvP01_13_v1	chr13:302479:302479:G:T	.
PvP01_13_v1	302496	C	T	chr13:302496:302496:C:T	PvP01_13_v1	chr13:302496:302496:C:T	.
PvP01_13_v1	302524	T	G	chr13:302524:302524:T:G	PvP01_13_v1	chr13:302524:302524:T:G	.
PvP01_13_v1	302528	C	A	chr13:302528:302528:C:A	PvP01_13_v1	chr13:302528:302528:C:A	.
PvP01_13_v1	302545	C	T	chr13:302545:302545:C:T	PvP01_13_v1	chr13:302545:302545:C:T	.
PvP01_13_v1	302551	A	G	chr13:302551:302551:A:G	PvP01_13_v1	chr13:302551:302551:A:G	.
PvP01_13_v1	302567	A	C	chr13:302567:302567:A:C	PvP01_13_v1	chr13:302567:302567:A:C	.
PvP01_13_v1	302591	A	G	chr13:302591:302591:A:G	PvP01_13_v1	chr13:302591:302591:A:G	.
PvP01_13_v1	302599	A	G	chr13:302599:302599:A:G	PvP01_13_v1	chr13:302599:302599:A:G	.
PvP01_13_v1	302664	T	C	chr13:302664:302664:T:C	PvP01_13_v1	chr13:302664:302664:T:C	.
PvP01_13_v1	302676	C	T	chr13:302676:302676:C:T	PvP01_13_v1	chr13:302676:302676:C:T	.
PvP01_13_v1	302690	C	T	chr13:302690:302690:C:T	PvP01_13_v1	chr13:302690:302690:C:T	.
PvP01_13_v1	302704	G	C	chr13:302704:302704:G:C	PvP01_13_v1	chr13:302704:302704:G:C	.
PvP01_13_v1	302707	T	G	chr13:302707:302707:T:G	PvP01_13_v1	chr13:302707:302707:T:G	.
PvP01_13_v1	302718	T	C	chr13:302718:302718:T:C	PvP01_13_v1	chr13:302718:302718:T:C	.
PvP01_13_v1	302739	A	T	chr13:302739:302739:A:T	PvP01_13_v1	chr13:302739:302739:A:T	.
PvP01_13_v1	302744	A	G	chr13:302744:302744:A:G	PvP01_13_v1	chr13:302744:302744:A:G	.
PvP01_13_v1	302757	C	T	chr13:302757:302757:C:T	PvP01_13_v1	chr13:302757:302757:C:T	.
PvP01_13_v1	302766	T	C	chr13:302766:302766:T:C	PvP01_13_v1	chr13:302766:302766:T:C	.
PvP01_13_v1	302820	T	C	chr13:302820:302820:T:C	PvP01_13_v1	chr13:302820:302820:T:C	.
PvP01_13_v1	302879	C	A	chr13:302879:302879:C:A	PvP01_13_v1	chr13:302879:302879:C:A	.
PvP01_13_v1	1043916	G	T	chr13:1043916:1043916:G:T	PvP01_13_v1	chr13:1043916:1043916:G:T	.
PvP01_13_v1	1043923	C	T	chr13:1043923:1043923:C:T	PvP01_13_v1	chr13:1043923:1043923:C:T	.
PvP01_13_v1	1043934	G	C	chr13:1043934:1043934:G:C	PvP01_13_v1	chr13:1043934:1043934:G:C	.
PvP01_14_v1	209856	T	C	chr14:209856:209856:T:C	PvP01_14_v1	chr14:209856:209856:T:C	.
PvP01_14_v1	455354	C	A	chr14:455354:455354:C:A	PvP01_14_v1	chr14:455354:455354:C:A	.
PvP01_14_v1	455375	G	A	chr14:455375:455375:G:A	PvP01_14_v1	chr14:455375:455375:G:A	.
PvP01_14_v1	455426	G	A	chr14:455426:455426:G:A	PvP01_14_v1	chr14:455426:455426:G:A	.
PvP01_14_v1	455773	A	G	chr14:455773:455773:A:G	PvP01_14_v1	chr14:455773:455773:A:G	.
PvP01_14_v1	455801	T	G	chr14:455801:455801:T:G	PvP01_14_v1	chr14:455801:455801:T:G	.
PvP01_14_v1	455824	A	G	chr14:455824:455824:A:G	PvP01_14_v1	chr14:455824:455824:A:G	.
PvP01_14_v1	455912	G	T	chr14:455912:455912:G:T	PvP01_14_v1	chr14:455912:455912:G:T	.
PvP01_14_v1	455946	T	C	chr14:455946:455946:T:C	PvP01_14_v1	chr14:455946:455946:T:C	.
PvP01_14_v1	455989	C	T	chr14:455989:455989:C:T	PvP01_14_v1	chr14:455989:455989:C:T	.
PvP01_14_v1	456051	A	T	chr14:456051:456051:A:T	PvP01_14_v1	chr14:456051:456051:A:T	.
PvP01_14_v1	456090	C	T	chr14:456090:456090:C:T	PvP01_14_v1	chr14:456090:456090:C:T	.
PvP01_14_v1	456148	G	A	chr14:456148:456148:G:A	PvP01_14_v1	chr14:456148:456148:G:A	.
PvP01_14_v1	456656	G	A	chr14:456656:456656:G:A	PvP01_14_v1	chr14:456656:456656:G:A	.
PvP01_14_v1	456685	G	A	chr14:456685:456685:G:A	PvP01_14_v1	chr14:456685:456685:G:A	.
PvP01_14_v1	456846	A	G	chr14:456846:456846:A:G	PvP01_14_v1	chr14:456846:456846:A:G	.
PvP01_14_v1	456863	T	G	chr14:456863:456863:T:G	PvP01_14_v1	chr14:456863:456863:T:G	.
PvP01_14_v1	456875	G	A	chr14:456875:456875:G:A	PvP01_14_v1	chr14:456875:456875:G:A	.
PvP01_14_v1	456896	A	C	chr14:456896:456896:A:C	PvP01_14_v1	chr14:456896:456896:A:C	.
PvP01_14_v1	456951	T	C	chr14:456951:456951:T:C	PvP01_14_v1	chr14:456951:456951:T:C	.
PvP01_14_v1	457670	C	T	chr14:457670:457670:C:T	PvP01_14_v1	chr14:457670:457670:C:T	.
PvP01_14_v1	457771	A	C	chr14:457771:457771:A:C	PvP01_14_v1	chr14:457771:457771:A:C	.
PvP01_14_v1	457795	T	C	chr14:457795:457795:T:C	PvP01_14_v1	chr14:457795:457795:T:C	.
PvP01_14_v1	457821	A	G	chr14:457821:457821:A:G	PvP01_14_v1	chr14:457821:457821:A:G	.
PvP01_14_v1	457837	C	T	chr14:457837:457837:C:T	PvP01_14_v1	chr14:457837:457837:C:T	.
PvP01_14_v1	459405	T	C	chr14:459405:459405:T:C	PvP01_14_v1	chr14:459405:459405:T:C	.
PvP01_14_v1	459460	C	T	chr14:459460:459460:C:T	PvP01_14_v1	chr14:459460:459460:C:T	.
PvP01_14_v1	459967	C	G	chr14:459967:459967:C:G	PvP01_14_v1	chr14:459967:459967:C:G	.
PvP01_14_v1	460097	C	A	chr14:460097:460097:C:A	PvP01_14_v1	chr14:460097:460097:C:A	.
PvP01_14_v1	460118	T	C	chr14:460118:460118:T:C	PvP01_14_v1	chr14:460118:460118:T:C	.
PvP01_14_v1	460149	G	A	chr14:460149:460149:G:A	PvP01_14_v1	chr14:460149:460149:G:A	.
PvP01_14_v1	460226	T	A	chr14:460226:460226:T:A	PvP01_14_v1	chr14:460226:460226:T:A	.
PvP01_14_v1	460280	T	C	chr14:460280:460280:T:C	PvP01_14_v1	chr14:460280:460280:T:C	.
PvP01_14_v1	460310	A	T	chr14:460310:460310:A:T	PvP01_14_v1	chr14:460310:460310:A:T	.
PvP01_14_v1	460337	T	C	chr14:460337:460337:T:C	PvP01_14_v1	chr14:460337:460337:T:C	.
PvP01_14_v1	460388	A	G	chr14:460388:460388:A:G	PvP01_14_v1	chr14:460388:460388:A:G	.
PvP01_14_v1	460465	G	A	chr14:460465:460465:G:A	PvP01_14_v1	chr14:460465:460465:G:A	.
PvP01_14_v1	460559	A	G	chr14:460559:460559:A:G	PvP01_14_v1	chr14:460559:460559:A:G	.
PvP01_14_v1	460940	G	A	chr14:460940:460940:G:A	PvP01_14_v1	chr14:460940:460940:G:A	.
PvP01_14_v1	461061	A	C	chr14:461061:461061:A:C	PvP01_14_v1	chr14:461061:461061:A:C	.
PvP01_14_v1	461423	A	G	chr14:461423:461423:A:G	PvP01_14_v1	chr14:461423:461423:A:G	.
PvP01_14_v1	461931	C	A	chr14:461931:461931:C:A	PvP01_14_v1	chr14:461931:461931:C:A	.
PvP01_14_v1	1786674	C	T	chr14:1786674:1786674:C:T	PvP01_14_v1	chr14:1786674:1786674:C:T	.
PvP01_14_v1	2485606	T	A	chr14:2485606:2485606:T:A	PvP01_14_v1	chr14:2485606:2485606:T:A	.
PvP01_14_v1	2485652	G	A	chr14:2485652:2485652:G:A	PvP01_14_v1	chr14:2485652:2485652:G:A	.
PvP01_14_v1	2485697	T	A	chr14:2485697:2485697:T:A	PvP01_14_v1	chr14:2485697:2485697:T:A	.
chrM	14	G	T	chrM:14:14:G:T	PvP01_MIT_v1	chrM:14:14:G:T	.
chrM	105	T	A	chrM:105:105:T:A	PvP01_MIT_v1	chrM:105:105:T:A	.
chrM	180	A	C	chrM:180:180:A:C	PvP01_MIT_v1	chrM:180:180:A:C	.
chrM	1433	A	T	chrM:1433:1433:A:T	PvP01_MIT_v1	chrM:1433:1433:A:T	.
chrM	1470	A	G	chrM:1470:1470:A:G	PvP01_MIT_v1	chrM:1470:1470:A:G	.
chrM	2908	T	C	chrM:2908:2908:T:C	PvP01_MIT_v1	chrM:2908:2908:T:C	.
chrM	2909	T	C	chrM:2909:2909:T:C	PvP01_MIT_v1	chrM:2909:2909:T:C	.
chrM	2964	A	G	chrM:2964:2964:A:G	PvP01_MIT_v1	chrM:2964:2964:A:G	.
chrM	3183	A	C	chrM:3183:3183:A:C	PvP01_MIT_v1	chrM:3183:3183:A:C	.
chrM	3231	A	G	chrM:3231:3231:A:G	PvP01_MIT_v1	chrM:3231:3231:A:G	.
chrM	3234	T	C	chrM:3234:3234:T:C	PvP01_MIT_v1	chrM:3234:3234:T:C	.
chrM	4781	T	A	chrM:4781:4781:T:A	PvP01_MIT_v1	chrM:4781:4781:T:A	.
