CHROM	Start	End	Name	MaxInsertionLength
PvP01_07_v1	509310	509312	SNP-12	
PvP01_07_v1	747982	747984	SNP-6	
PvP01_12_v1	408225	408227	SNP-7	
PvP01_14_v1	1923996	1923998	SNP-9	
PvP01_01_v1	46577	46577	iSNP-2	
PvP01_01_v1	210840	210840	SNP-13	
PvP01_01_v1	242965	242965	SNP-14	
PvP01_01_v1	342640	342640	iSNP-3	
PvP01_01_v1	354256	354256	SNP-15	
PvP01_01_v1	361069	361069	MSH2-2	
PvP01_01_v1	468535	468535	POP1	
PvP01_01_v1	521806	521806	SNP-16	
PvP01_01_v1	522115	522115	SNP-17	
PvP01_01_v1	532879	532879	SNP-18	
PvP01_01_v1	532949	532949	SNP-19	
PvP01_01_v1	533152	533152	SNP-20	
PvP01_01_v1	563924	563924	SNP-21	
PvP01_01_v1	633182	633182	SNP-22	
PvP01_01_v1	746509	746509	g-tub	
PvP01_01_v1	803500	803500	SNP-23	
PvP01_01_v1	838211	838211	SNP-24	
PvP01_01_v1	854733	854733	SNP-25	
PvP01_01_v1	866996	866996	WARP-1	
PvP01_01_v1	867280	867280	WARP-2	
PvP01_01_v1	875052	875052	SNP-26	
PvP01_01_v1	894735	894735	iSNP-4	
PvP01_01_v1	903137	903137	SNP-27	
PvP01_01_v1	903246	903246	SNP-28	
PvP01_01_v1	986282	986282	SNP-29	
PvP01_02_v1	110991	110991	SNP-30	
PvP01_02_v1	155305	155305	SNP-31	
PvP01_02_v1	156287	156287	SNP-32	
PvP01_02_v1	158223	158223	SNP-33	
PvP01_02_v1	172411	172411	SNP-34	
PvP01_02_v1	211376	211376	iSNP-5	
PvP01_02_v1	224448	224448	RPB9	
PvP01_02_v1	239231	239231	SNP-35	
PvP01_02_v1	274834	274834	SNP-36	
PvP01_02_v1	327451	327451	SNP-37	
PvP01_02_v1	411231	411231	SNP-38	
PvP01_02_v1	418617	418617	UBP1	
PvP01_02_v1	473659	473659	NT4	
PvP01_02_v1	501483	501483	SNP-39	
PvP01_02_v1	518262	518262	SNP-40	
PvP01_02_v1	524504	524504	SNP-41	
PvP01_02_v1	582036	582036	SNP-42	
PvP01_02_v1	691037	691037	SNP-43	
PvP01_02_v1	825250	825250	iSNP-6	
PvP01_03_v1	150244	150244	SNP-44	
PvP01_03_v1	163460	163460	SNP-45	
PvP01_03_v1	185877	185877	SNP-46	
PvP01_03_v1	199024	199024	SNP-47	
PvP01_03_v1	284372	284372	SNP-48	
PvP01_03_v1	369999	369999	ZRANB2	
PvP01_03_v1	442936	442936	PPM1	
PvP01_03_v1	464629	464629	SNP-49	
PvP01_03_v1	501852	501852	SNP-50	
PvP01_03_v1	540423	540423	SNP-51	
PvP01_03_v1	553010	553010	DMT2	
PvP01_03_v1	661608	661608	SNP-52	
PvP01_03_v1	689222	689222	SNP-53	
PvP01_03_v1	704583	704583	SNP-54	
PvP01_03_v1	713405	713405	SNP-55	
PvP01_03_v1	765290	765290	SNP-56	
PvP01_03_v1	768045	768045	iSNP-7	
PvP01_04_v1	44478	44478	iSNP-8	
PvP01_04_v1	51670	51670	iSNP-9	
PvP01_04_v1	82013	82013	iSNP-10	
PvP01_04_v1	263989	263989	SNP-57	
PvP01_04_v1	308246	308246	iSNP-1	
PvP01_04_v1	309387	309387	SNP-58	
PvP01_04_v1	401346	401346	ACS9-1	
PvP01_04_v1	401595	401595	ACS9-2	
PvP01_04_v1	401608	401608	ACS9-3	
PvP01_04_v1	401622	401622	ACS9-4	
PvP01_04_v1	427365	427365	iSNP-11	
PvP01_04_v1	493044	493044	SNP-59	
PvP01_04_v1	506969	506969	SNP-60	
PvP01_04_v1	601916	601916	SNP-61	
PvP01_04_v1	643628	643628	P230	
PvP01_04_v1	652108	652108	P230p	
PvP01_04_v1	667586	667586	SNP-62	
PvP01_04_v1	667738	667738	SNP-63	
PvP01_04_v1	747691	747691	SNP-64	
PvP01_04_v1	749556	749556	SNP-65	
PvP01_04_v1	802334	802334	SNP-66	
PvP01_04_v1	852830	852830	SNP-67	
PvP01_04_v1	857722	857722	SNP-68	
PvP01_04_v1	922059	922059	SNP-69	
PvP01_04_v1	925147	925147	SNP-70	
PvP01_04_v1	982642	982642	SNP-71	
PvP01_05_v1	177309	177309	SNP-72	
PvP01_05_v1	179358	179358	SNP-73	
PvP01_05_v1	188379	188379	SNP-74	
PvP01_05_v1	286241	286241	PDI8	
PvP01_05_v1	409000	409000	SNP-75	
PvP01_05_v1	484268	484268	SNP-76	
PvP01_05_v1	495270	495270	SNP-77	
PvP01_05_v1	496453	496453	SNP-78	
PvP01_05_v1	496493	496493	SNP-79	
PvP01_05_v1	509914	509914	iSNP-12	
PvP01_05_v1	561061	561061	SNP-80	
PvP01_05_v1	574992	574992	SNP-81	
PvP01_05_v1	574998	574998	SNP-82	
PvP01_05_v1	577122	577122	YIF1	
PvP01_05_v1	618291	618291	SNP-1	
PvP01_05_v1	685274	685274	SNP-83	
PvP01_05_v1	722792	722792	SNP-2	
PvP01_05_v1	728981	728981	SNP-84	
PvP01_05_v1	738709	738709	SNP-85	
PvP01_05_v1	789400	789400	SNP-86	
PvP01_05_v1	789429	789429	SNP-87	
PvP01_05_v1	789671	789671	iSNP-13	
PvP01_05_v1	810943	810943	SNP-88	
PvP01_05_v1	927960	927960	SNP-89	
PvP01_05_v1	939155	939155	iSNP-14	
PvP01_05_v1	941897	941897	iSNP-15	
PvP01_05_v1	1031500	1031500	SNP-90	
PvP01_05_v1	1067476	1067476	SNP-91	
PvP01_05_v1	1071079	1071079	iSNP-133	
PvP01_05_v1	1092910	1092910	SNP-92	
PvP01_05_v1	1311414	1311414	SNP-93	
PvP01_05_v1	1312162	1312162	SNP-94	
PvP01_05_v1	1325396	1325396	iSNP-16	
PvP01_05_v1	1331333	1331333	SNP-95	
PvP01_05_v1	1360465	1360465	SNP-96	
PvP01_05_v1	1387908	1387908	SNP-97	
PvP01_05_v1	1404639	1404639	SNP-98	
PvP01_05_v1	1409127	1409127	SNP-99	
PvP01_06_v1	203682	203682	SNP-100	
PvP01_06_v1	285512	285512	SNP-101	
PvP01_06_v1	312958	312958	SNP-102	
PvP01_06_v1	448117	448117	SNP-103	
PvP01_06_v1	477233	477233	SNP-104	
PvP01_06_v1	502147	502147	SNP-105	
PvP01_06_v1	502665	502665	SNP-106	
PvP01_06_v1	502753	502753	SNP-107	
PvP01_06_v1	503643	503643	SNP-108	
PvP01_06_v1	523151	523151	SNP-109	
PvP01_06_v1	526809	526809	SNP-110	
PvP01_06_v1	527414	527414	SNP-111	
PvP01_06_v1	531114	531114	SNP-112	
PvP01_06_v1	531393	531393	SNP-113	
PvP01_06_v1	549440	549440	RPB7	
PvP01_06_v1	588969	588969	MTRAP-1	
PvP01_06_v1	589259	589259	MTRAP-2	
PvP01_06_v1	612533	612533	SNP-114	
PvP01_06_v1	646355	646355	SNP-115	
PvP01_06_v1	646864	646864	CLAMP	
PvP01_06_v1	647572	647572	iSNP-17	
PvP01_06_v1	661527	661527	SNP-116	
PvP01_06_v1	665452	665452	SNP-117	
PvP01_06_v1	665510	665510	SNP-118	
PvP01_06_v1	667777	667777	iSNP-18	
PvP01_06_v1	668295	668295	P28-2	
PvP01_06_v1	668360	668360	P28-1	
PvP01_06_v1	669053	669053	iSNP-19	
PvP01_06_v1	670673	670673	SNP-119	
PvP01_06_v1	674658	674658	iSNP-20	
PvP01_06_v1	708098	708098	RimM	
PvP01_06_v1	759242	759242	iSNP-21	
PvP01_06_v1	867237	867237	SNP-120	
PvP01_06_v1	884586	884586	SNP-121	
PvP01_06_v1	927870	927870	SNP-122	
PvP01_06_v1	932469	932469	SNP-123	
PvP01_06_v1	937639	937639	SNP-124	
PvP01_07_v1	270419	270419	SNP-125	
PvP01_07_v1	314729	314729	SNP-126	
PvP01_07_v1	358118	358118	SNP-127	
PvP01_07_v1	413152	413152	SNP-128	
PvP01_07_v1	494782	494782	iSNP-22	
PvP01_07_v1	499047	499047	CRMP1-2	
PvP01_07_v1	500024	500024	CRMP1-1	
PvP01_07_v1	507890	507890	SNP-3	
PvP01_07_v1	509284	509284	SNP-4	
PvP01_07_v1	510043	510043	iSNP-23	
PvP01_07_v1	512387	512387	iSNP-24	
PvP01_07_v1	514538	514538	SNP-5	
PvP01_07_v1	521543	521543	iSNP-25	
PvP01_07_v1	525785	525785	SNP-129	
PvP01_07_v1	530235	530235	SNP-130	
PvP01_07_v1	556907	556907	SNP-131	
PvP01_07_v1	563285	563285	SNP-132	
PvP01_07_v1	595869	595869	SNP-133	
PvP01_07_v1	608118	608118	SNP-134	
PvP01_07_v1	721611	721611	SNP-135	
PvP01_07_v1	832234	832234	SNP-136	
PvP01_07_v1	898001	898001	SNP-137	
PvP01_07_v1	956564	956564	SNP-138	
PvP01_07_v1	957086	957086	SNP-139	
PvP01_07_v1	957230	957230	SNP-140	
PvP01_07_v1	1023722	1023722	SNP-141	
PvP01_07_v1	1075974	1075974	iSNP-26	
PvP01_07_v1	1121970	1121970	SNP-142	
PvP01_07_v1	1424006	1424006	SNP-143	
PvP01_07_v1	1457050	1457050	SNP-144	
PvP01_07_v1	1602703	1602703	iSNP-27	
PvP01_07_v1	1612927	1612927	iSNP-28	
PvP01_07_v1	1623133	1623133	iSNP-29	
PvP01_07_v1	1623136	1623136	iSNP-30	
PvP01_08_v1	112089	112089	SNP-145	
PvP01_08_v1	203866	203866	iSNP-31	
PvP01_08_v1	209886	209886	SNP-146	
PvP01_08_v1	243185	243185	SNP-147	
PvP01_08_v1	260962	260962	SNP-148	
PvP01_08_v1	335027	335027	HDA2	
PvP01_08_v1	495625	495625	SNP-149	
PvP01_08_v1	556253	556253	SNP-150	
PvP01_08_v1	562525	562525	SNP-151	
PvP01_08_v1	604270	604270	SNP-152	
PvP01_08_v1	606745	606745	SNP-153	
PvP01_08_v1	619540	619540	SNP-154	
PvP01_08_v1	637635	637635	iSNP-32	
PvP01_08_v1	789843	789843	CYP19A	
PvP01_08_v1	820442	820442	SNP-155	
PvP01_08_v1	823871	823871	SNP-156	
PvP01_08_v1	826178	826178	iSNP-33	
PvP01_08_v1	863932	863932	iSNP-34	
PvP01_08_v1	869611	869611	Cap380-1	
PvP01_08_v1	876140	876140	Cap380-2	
PvP01_08_v1	878316	878316	Cap380-3	
PvP01_08_v1	884120	884120	SNP-157	
PvP01_08_v1	889379	889379	iSNP-35	
PvP01_08_v1	897269	897269	ABCI3	
PvP01_08_v1	914227	914227	SNP-158	
PvP01_08_v1	926690	926690	ATPase7	
PvP01_08_v1	938236	938236	iSNP-36	
PvP01_08_v1	1051697	1051697	FNT	
PvP01_08_v1	1069189	1069189	SNP-159	
PvP01_08_v1	1074206	1074206	iSNP-37	
PvP01_08_v1	1075301	1075301	SNP-160	
PvP01_08_v1	1110498	1110498	CTRP	
PvP01_08_v1	1126256	1126256	SNP-161	
PvP01_08_v1	1228578	1228578	iSNP-38	
PvP01_08_v1	1243000	1243000	SNP-162	
PvP01_08_v1	1255798	1255798	SNP-163	
PvP01_08_v1	1265422	1265422	SNP-164	
PvP01_08_v1	1277214	1277214	iSNP-39	
PvP01_08_v1	1364646	1364646	iSNP-40	
PvP01_08_v1	1365806	1365806	iSNP-41	
PvP01_08_v1	1546424	1546424	SNP-165	
PvP01_08_v1	1664313	1664313	iSNP-42	
PvP01_08_v1	1664432	1664432	iSNP-43	
PvP01_08_v1	1667983	1667983	iSNP-44	
PvP01_09_v1	167084	167084	iSNP-45	
PvP01_09_v1	179858	179858	iSNP-46	
PvP01_09_v1	434435	434435	SNP-166	
PvP01_09_v1	553283	553283	iSNP-47	
PvP01_09_v1	718397	718397	SNP-167	
PvP01_09_v1	796863	796863	SNP-168	
PvP01_09_v1	806643	806643	SNP-169	
PvP01_09_v1	826837	826837	iSNP-48	
PvP01_09_v1	842644	842644	NOP56	
PvP01_09_v1	878674	878674	SNP-170	
PvP01_09_v1	892855	892855	SNP-171	
PvP01_09_v1	1058056	1058056	iSNP-49	
PvP01_09_v1	1062948	1062948	CDPK7-1	
PvP01_09_v1	1063002	1063002	CDPK7-2	
PvP01_09_v1	1138842	1138842	SNP-172	
PvP01_09_v1	1155592	1155592	mtRNAP	
PvP01_09_v1	1169970	1169970	SNP-173	
PvP01_09_v1	1179972	1179972	ATG7	
PvP01_09_v1	1198207	1198207	iSNP-50	
PvP01_09_v1	1199491	1199491	SNP-174	
PvP01_09_v1	1325149	1325149	iSNP-51	
PvP01_09_v1	1365652	1365652	SNP-175	
PvP01_09_v1	1369676	1369676	SNP-176	
PvP01_09_v1	1404621	1404621	SNP-177	
PvP01_09_v1	1725491	1725491	iSNP-52	
PvP01_09_v1	1726492	1726492	iSNP-53	
PvP01_09_v1	1728961	1728961	iSNP-54	
PvP01_09_v1	1729971	1729971	iSNP-55	
PvP01_09_v1	1730454	1730454	iSNP-56	
PvP01_09_v1	1733286	1733286	iSNP-57	
PvP01_09_v1	1741068	1741068	iSNP-58	
PvP01_09_v1	1745613	1745613	ApiAP2-1	
PvP01_09_v1	1751853	1751853	SNP-178	
PvP01_09_v1	1759860	1759860	iSNP-59	
PvP01_09_v1	1874601	1874601	SNP-179	
PvP01_09_v1	1896351	1896351	SNP-180	
PvP01_09_v1	1914757	1914757	SNP-181	
PvP01_09_v1	1950805	1950805	SNP-182	
PvP01_09_v1	1950877	1950877	SNP-183	
PvP01_09_v1	2101231	2101231	SNP-184	
PvP01_09_v1	2122993	2122993	MAEBL-1	
PvP01_09_v1	2124268	2124268	MAEBL-2	
PvP01_10_v1	337308	337308	iSNP-60	
PvP01_10_v1	600985	600985	SNP-185	
PvP01_10_v1	653939	653939	SNP-186	
PvP01_10_v1	654836	654836	CCR4	
PvP01_10_v1	753644	753644	iSNP-61	
PvP01_10_v1	788144	788144	PhLP3	
PvP01_10_v1	836402	836402	SNP-187	
PvP01_10_v1	928682	928682	SNP-188	
PvP01_10_v1	987860	987860	iSNP-62	
PvP01_10_v1	1072103	1072103	RNAPI	
PvP01_10_v1	1097940	1097940	SNP-189	
PvP01_10_v1	1154225	1154225	SNP-190	
PvP01_10_v1	1159852	1159852	SNP-191	
PvP01_10_v1	1228948	1228948	ALP2b-1	
PvP01_10_v1	1229415	1229415	ALP2b-2	
PvP01_10_v1	1230372	1230372	ALP2b-3	
PvP01_10_v1	1280190	1280190	SNP-192	
PvP01_10_v1	1384193	1384193	SNP-193	
PvP01_11_v1	38952	38952	iSNP-63	
PvP01_11_v1	176200	176200	SNP-194	
PvP01_11_v1	213827	213827	SNP-195	
PvP01_11_v1	284421	284421	iSNP-64	
PvP01_11_v1	313225	313225	SNP-196	
PvP01_11_v1	361905	361905	SNP-197	
PvP01_11_v1	373433	373433	SNP-198	
PvP01_11_v1	384043	384043	SNP-199	
PvP01_11_v1	432386	432386	SNP-200	
PvP01_11_v1	438777	438777	iSNP-65	
PvP01_11_v1	446203	446203	SNP-201	
PvP01_11_v1	499040	499040	SNP-202	
PvP01_11_v1	536594	536594	SNP-203	
PvP01_11_v1	643929	643929	SNP-204	
PvP01_11_v1	651343	651343	ARK3	
PvP01_11_v1	786468	786468	iSNP-66	
PvP01_11_v1	853864	853864	SNP-205	
PvP01_11_v1	917226	917226	PK4	
PvP01_11_v1	921227	921227	iSNP-67	
PvP01_11_v1	960704	960704	iSNP-68	
PvP01_11_v1	963391	963391	ACS-1	
PvP01_11_v1	964689	964689	ACS-2	
PvP01_11_v1	985249	985249	iSNP-69	
PvP01_11_v1	1030050	1030050	SNP-206	
PvP01_11_v1	1056251	1056251	SNP-207	
PvP01_11_v1	1075544	1075544	SNP-208	
PvP01_11_v1	1148916	1148916	SNP-209	
PvP01_11_v1	1172475	1172475	AP2-SP3	
PvP01_11_v1	1187729	1187729	iSNP-70	
PvP01_11_v1	1187994	1187994	iSNP-71	
PvP01_11_v1	1190787	1190787	iSNP-72	
PvP01_11_v1	1195891	1195891	SNP-210	
PvP01_11_v1	1246228	1246228	iSNP-73	
PvP01_11_v1	1246557	1246557	iSNP-74	
PvP01_11_v1	1253949	1253949	iSNP-75	
PvP01_11_v1	1256157	1256157	MSP10	
PvP01_11_v1	1261039	1261039	iSNP-76	
PvP01_11_v1	1262951	1262951	SNP-211	
PvP01_11_v1	1266184	1266184	PSOP25-1	
PvP01_11_v1	1266207	1266207	PSOP25-2	
PvP01_11_v1	1272806	1272806	SNP-212	
PvP01_11_v1	1281911	1281911	SNP-213	
PvP01_11_v1	1283422	1283422	ACS12	
PvP01_11_v1	1308111	1308111	iSNP-77	
PvP01_11_v1	1321844	1321844	iSNP-78	
PvP01_11_v1	1354293	1354293	iSNP-79	
PvP01_11_v1	1367354	1367354	SNP-214	
PvP01_11_v1	1392822	1392822	SNP-215	
PvP01_11_v1	1430531	1430531	SNP-216	
PvP01_11_v1	1440215	1440215	iSNP-80	
PvP01_11_v1	1442157	1442157	iSNP-81	
PvP01_11_v1	1448967	1448967	SNP-217	
PvP01_11_v1	1451843	1451843	iSNP-82	
PvP01_11_v1	1453886	1453886	GWT1	
PvP01_11_v1	1474601	1474601	iSNP-83	
PvP01_11_v1	1480023	1480023	iSNP-84	
PvP01_11_v1	1480628	1480628	iSNP-85	
PvP01_11_v1	1489148	1489148	NAR1	
PvP01_11_v1	1508333	1508333	ApiAP2-2	
PvP01_11_v1	1514101	1514101	ApiAP2-3	
PvP01_11_v1	1532290	1532290	SNP-218	
PvP01_11_v1	1537655	1537655	ROP14	
PvP01_11_v1	1548390	1548390	iSNP-86	
PvP01_11_v1	1548740	1548740	iSNP-87	
PvP01_11_v1	1553311	1553311	iSNP-88	
PvP01_11_v1	1569938	1569938	iSNP-89	
PvP01_11_v1	1570212	1570212	SNP-219	
PvP01_11_v1	1609832	1609832	iSNP-90	
PvP01_11_v1	1625978	1625978	SPT5	
PvP01_11_v1	1646715	1646715	SNP-220	
PvP01_11_v1	1651373	1651373	SNP-221	
PvP01_11_v1	1695821	1695821	SNP-222	
PvP01_11_v1	1806246	1806246	SNP-223	
PvP01_11_v1	1885862	1885862	SNP-224	
PvP01_11_v1	1913300	1913300	SNP-225	
PvP01_11_v1	1939810	1939810	SNP-226	
PvP01_11_v1	1961913	1961913	SNP-227	
PvP01_11_v1	2006236	2006236	SNP-228	
PvP01_12_v1	24264	24264	iSNP-91	
PvP01_12_v1	37756	37756	iSNP-92	
PvP01_12_v1	98194	98194	SNP-229	
PvP01_12_v1	196317	196317	iSNP-93	
PvP01_12_v1	303164	303164	iSNP-94	
PvP01_12_v1	308591	308591	iSNP-95	
PvP01_12_v1	313822	313822	TOP3	
PvP01_12_v1	321295	321295	iSNP-96	
PvP01_12_v1	323599	323599	P47-1	
PvP01_12_v1	323603	323603	P47-2	
PvP01_12_v1	323612	323612	P47-3	
PvP01_12_v1	323703	323703	SNP-230	
PvP01_12_v1	324232	324232	P47-4	
PvP01_12_v1	327236	327236	P48/45-1	
PvP01_12_v1	327355	327355	P48/45-2	
PvP01_12_v1	327858	327858	P48/45-3	
PvP01_12_v1	329689	329689	SNP-231	
PvP01_12_v1	332793	332793	iSNP-97	
PvP01_12_v1	338808	338808	SNP-232	
PvP01_12_v1	362687	362687	iSNP-98	
PvP01_12_v1	397241	397241	SNP-233	
PvP01_12_v1	398922	398922	iSNP-99	
PvP01_12_v1	424886	424886	SNP-234	
PvP01_12_v1	457790	457790	iSNP-100	
PvP01_12_v1	460099	460099	SNP-235	
PvP01_12_v1	461396	461396	SNP-236	
PvP01_12_v1	465017	465017	SNP-237	
PvP01_12_v1	467311	467311	SNP-238	
PvP01_12_v1	492536	492536	iSNP-101	
PvP01_12_v1	524330	524330	ApiAP2-4	
PvP01_12_v1	571163	571163	IMC1k-1	
PvP01_12_v1	571391	571391	IMC1k-2	
PvP01_12_v1	579474	579474	SNP-239	
PvP01_12_v1	595819	595819	iSNP-102	
PvP01_12_v1	614088	614088	SNP-240	
PvP01_12_v1	673401	673401	SNP-241	
PvP01_12_v1	702379	702379	iSNP-103	
PvP01_12_v1	769516	769516	TRAP-1	
PvP01_12_v1	769966	769966	TRAP-2	
PvP01_12_v1	770010	770010	TRAP-3	
PvP01_12_v1	792366	792366	SNP-242	
PvP01_12_v1	918714	918714	SNP-243	
PvP01_12_v1	926406	926406	iSNP-104	
PvP01_12_v1	926996	926996	SNP-244	
PvP01_12_v1	1013426	1013426	SNP-245	
PvP01_12_v1	1135715	1135715	SNP-246	
PvP01_12_v1	1154879	1154879	SNP-247	
PvP01_12_v1	1185161	1185161	SNP-248	
PvP01_12_v1	1205985	1205985	SNP-249	
PvP01_12_v1	1275898	1275898	SNP-250	
PvP01_12_v1	1304914	1304914	iSNP-105	
PvP01_12_v1	1385171	1385171	SNP-251	
PvP01_12_v1	1394963	1394963	SNP-252	
PvP01_12_v1	1430509	1430509	SNP-253	
PvP01_12_v1	1521747	1521747	SNP-254	
PvP01_12_v1	1543965	1543965	SNP-255	
PvP01_12_v1	1592724	1592724	iSNP-106	
PvP01_12_v1	1604651	1604651	iSNP-107	
PvP01_12_v1	1617578	1617578	SNP-256	
PvP01_12_v1	1653631	1653631	SNP-257	
PvP01_12_v1	1738799	1738799	SNP-258	
PvP01_12_v1	1754507	1754507	SNP-259	
PvP01_12_v1	1869662	1869662	SNP-8	
PvP01_12_v1	1874995	1874995	SNP-260	
PvP01_12_v1	1964896	1964896	SNP-261	
PvP01_12_v1	2027490	2027490	SNP-262	
PvP01_12_v1	2057378	2057378	SNP-263	
PvP01_12_v1	2075943	2075943	SNP-264	
PvP01_12_v1	2093206	2093206	SNP-265	
PvP01_12_v1	2110758	2110758	iSNP-108	
PvP01_12_v1	2127660	2127660	iSNP-109	
PvP01_12_v1	2279399	2279399	iSNP-110	
PvP01_12_v1	2364745	2364745	SNP-266	
PvP01_12_v1	2412948	2412948	SNP-267	
PvP01_12_v1	2450140	2450140	SNP-268	
PvP01_12_v1	2522845	2522845	SNP-269	
PvP01_12_v1	2669791	2669791	TREP	
PvP01_12_v1	2684835	2684835	SNP-270	
PvP01_12_v1	2708568	2708568	SNP-271	
PvP01_12_v1	2714154	2714154	SNP-272	
PvP01_12_v1	2922896	2922896	iSNP-111	
PvP01_12_v1	2955210	2955210	CRMP4	
PvP01_12_v1	2976628	2976628	SNP-273	
PvP01_13_v1	165098	165098	iSNP-112	
PvP01_13_v1	290657	290657	SNP-274	
PvP01_13_v1	331256	331256	iSNP-113	
PvP01_13_v1	334389	334389	CRMP3-1	
PvP01_13_v1	334457	334457	SNP-275	
PvP01_13_v1	334917	334917	SNP-276	
PvP01_13_v1	336960	336960	SNP-277	
PvP01_13_v1	336962	336962	CRMP3-2	
PvP01_13_v1	392046	392046	iSNP-114	
PvP01_13_v1	418627	418627	SNP-278	
PvP01_13_v1	519178	519178	SNP-279	
PvP01_13_v1	610100	610100	SNP-280	
PvP01_13_v1	666003	666003	SNP-281	
PvP01_13_v1	756832	756832	SNP-282	
PvP01_13_v1	821484	821484	SYN11	
PvP01_13_v1	996120	996120	SNP-283	
PvP01_13_v1	1000377	1000377	SNP-284	
PvP01_13_v1	1055910	1055910	SNP-285	
PvP01_13_v1	1211265	1211265	SNP-286	
PvP01_13_v1	1284357	1284357	iSNP-115	
PvP01_13_v1	1285326	1285326	SNP-287	
PvP01_13_v1	1395094	1395094	SNP-288	
PvP01_13_v1	1434008	1434008	SNP-289	
PvP01_13_v1	1478012	1478012	SNP-290	
PvP01_13_v1	1551996	1551996	iSNP-116	
PvP01_13_v1	1661307	1661307	RAP1-1	
PvP01_13_v1	1661317	1661317	RAP1-2	
PvP01_13_v1	1696786	1696786	iSNP-117	
PvP01_13_v1	1772003	1772003	SNP-291	
PvP01_13_v1	1943851	1943851	iSNP-118	
PvP01_13_v1	1982873	1982873	SNP-292	
PvP01_14_v1	83345	83345	SNP-293	
PvP01_14_v1	202194	202194	NHE	
PvP01_14_v1	364991	364991	SNP-294	
PvP01_14_v1	447147	447147	SNP-295	
PvP01_14_v1	459830	459830	SNP-296	
PvP01_14_v1	477425	477425	SNP-297	
PvP01_14_v1	560669	560669	SNP-298	
PvP01_14_v1	614732	614732	SNP-299	
PvP01_14_v1	623541	623541	SNP-300	
PvP01_14_v1	635723	635723	SNP-301	
PvP01_14_v1	673605	673605	SNP-302	
PvP01_14_v1	683417	683417	SNP-303	
PvP01_14_v1	722575	722575	iSNP-119	
PvP01_14_v1	762736	762736	iSNP-120	
PvP01_14_v1	768196	768196	SNP-304	
PvP01_14_v1	934893	934893	SNP-305	
PvP01_14_v1	1070933	1070933	SNP-306	
PvP01_14_v1	1071214	1071214	SNP-307	
PvP01_14_v1	1089414	1089414	SNP-308	
PvP01_14_v1	1192658	1192658	SNP-309	
PvP01_14_v1	1203385	1203385	SNP-310	
PvP01_14_v1	1250830	1250830	iSNP-121	
PvP01_14_v1	1296340	1296340	PPM5	
PvP01_14_v1	1307171	1307171	SNP-311	
PvP01_14_v1	1313512	1313512	iSNP-122	
PvP01_14_v1	1314655	1314655	iSNP-123	
PvP01_14_v1	1319511	1319511	SNP-312	
PvP01_14_v1	1336600	1336600	SNP-313	
PvP01_14_v1	1354320	1354320	SNP-314	
PvP01_14_v1	1373358	1373358	SNP-315	
PvP01_14_v1	1477034	1477034	iSNP-124	
PvP01_14_v1	1542509	1542509	iSNP-125	
PvP01_14_v1	1542856	1542856	iSNP-126	
PvP01_14_v1	1604413	1604413	SNP-316	
PvP01_14_v1	1624579	1624579	iSNP-127	
PvP01_14_v1	1655285	1655285	SNP-317	
PvP01_14_v1	1722446	1722446	SNP-318	
PvP01_14_v1	1722637	1722637	SNP-319	
PvP01_14_v1	1754764	1754764	SNP-320	
PvP01_14_v1	1799371	1799371	GyrA	
PvP01_14_v1	1818379	1818379	SNP-321	
PvP01_14_v1	1850240	1850240	SNP-322	
PvP01_14_v1	1863345	1863345	CCHL	
PvP01_14_v1	1869272	1869272	SNP-323	
PvP01_14_v1	1889736	1889736	SNP-324	
PvP01_14_v1	1915183	1915183	SNP-325	
PvP01_14_v1	1921208	1921208	HAD3	
PvP01_14_v1	1923223	1923223	SNP-326	
PvP01_14_v1	1924051	1924051	SNP-10	
PvP01_14_v1	1924658	1924658	SNP-327	
PvP01_14_v1	2221345	2221345	iSNP-128	
PvP01_14_v1	2229166	2229166	iSNP-129	
PvP01_14_v1	2416947	2416947	SNP-328	
PvP01_14_v1	2516864	2516864	SNP-329	
PvP01_14_v1	2521088	2521088	SNP-330	
PvP01_14_v1	2595663	2595663	iSNP-130	
PvP01_14_v1	2626212	2626212	SNP-331	
PvP01_14_v1	2639944	2639944	SNP-332	
PvP01_14_v1	2662513	2662513	PSOP26-1	
PvP01_14_v1	2663010	2663010	PSOP26-2	
PvP01_14_v1	2663285	2663285	PSOP26-3	
PvP01_14_v1	2695586	2695586	SNP-333	
PvP01_14_v1	2695595	2695595	SNP-334	
PvP01_14_v1	2779655	2779655	SNP-335	
PvP01_14_v1	2793500	2793500	SNP-336	
PvP01_14_v1	2794207	2794207	iSNP-131	
PvP01_14_v1	2810417	2810417	SNP-337	
PvP01_14_v1	2835478	2835478	LRR12	
PvP01_14_v1	2862082	2862082	G377-1	
PvP01_14_v1	2862134	2862134	G377-2	
PvP01_14_v1	2892526	2892526	SNP-338	
PvP01_14_v1	2947188	2947188	SNP-339	
PvP01_14_v1	2957414	2957414	RBP3	
PvP01_14_v1	2963216	2963216	iSNP-132	
PvP01_14_v1	2964621	2964621	SNP-340	
PvP01_14_v1	2965106	2965106	SNP-341	
PvP01_14_v1	2965113	2965113	SNP-342	
PvP01_14_v1	2965381	2965381	SNP-343	
PvP01_14_v1	2965470	2965470	SNP-344	
PvP01_14_v1	2965632	2965632	SNP-345	
PvP01_14_v1	2966029	2966029	SNP-346	
PvP01_API_v1	54	54	SNP-347	
PvP01_API_v1	663	663	SNP-348	
PvP01_API_v1	1184	1184	SNP-349	
PvP01_API_v1	1406	1406	SNP-350	
PvP01_API_v1	2144	2144	RPL4	
PvP01_API_v1	2451	2451	RPL23	
PvP01_API_v1	2460	2460	SNP-351	
PvP01_API_v1	2781	2781	SNP-352	
PvP01_API_v1	3250	3250	SNP-353	
PvP01_API_v1	4169	4169	SNP-354	
PvP01_API_v1	4406	4406	SNP-355	
PvP01_API_v1	4415	4415	SNP-356	
PvP01_API_v1	4538	4538	SNP-357	
PvP01_API_v1	4782	4782	SNP-358	
PvP01_API_v1	5282	5282	SNP-359	
PvP01_API_v1	5394	5394	RPS8	
PvP01_API_v1	5552	5552	SNP-360	
PvP01_API_v1	5741	5741	SNP-361	
PvP01_API_v1	5827	5827	SNP-362	
PvP01_API_v1	6217	6217	SNP-363	
PvP01_API_v1	6414	6414	SNP-364	
PvP01_API_v1	6529	6529	SNP-365	
PvP01_API_v1	6785	6785	SNP-366	
PvP01_API_v1	7065	7065	SNP-367	
PvP01_API_v1	7272	7272	SNP-368	
PvP01_API_v1	7903	7903	SNP-369	
PvP01_API_v1	7981	7981	SNP-370	
PvP01_API_v1	7993	7993	RPS12	
PvP01_API_v1	8297	8297	SNP-371	
PvP01_API_v1	8824	8824	SNP-372	
PvP01_API_v1	8938	8938	SNP-373	
PvP01_API_v1	8966	8966	TUFA	
PvP01_API_v1	9188	9188	SNP-374	
PvP01_API_v1	9703	9703	SNP-375	
PvP01_API_v1	9960	9960	ORF78	
PvP01_API_v1	11184	11184	SNP-376	
PvP01_API_v1	11404	11404	SNP-377	
PvP01_API_v1	12622	12622	SNP-378	
PvP01_API_v1	12970	12970	SNP-379	
PvP01_API_v1	13141	13141	SNP-11	
PvP01_API_v1	14206	14206	SNP-380	
PvP01_API_v1	14451	14451	SNP-381	
PvP01_API_v1	14459	14459	SNP-382	
PvP01_API_v1	14510	14510	SNP-383	
PvP01_API_v1	14535	14535	SNP-384	
PvP01_API_v1	14641	14641	rpoD-2	
PvP01_API_v1	15640	15640	SNP-385	
PvP01_API_v1	15705	15705	SNP-386	
PvP01_API_v1	15817	15817	SNP-387	
PvP01_API_v1	15823	15823	rpoD-1	
PvP01_API_v1	16001	16001	SNP-388	
PvP01_API_v1	16127	16127	SNP-389	
PvP01_API_v1	16138	16138	SNP-390	
PvP01_API_v1	16161	16161	SNP-391	
PvP01_API_v1	16362	16362	SNP-392	
PvP01_API_v1	16608	16608	SNP-393	
PvP01_API_v1	16821	16821	SNP-394	
PvP01_API_v1	17706	17706	SNP-395	
PvP01_API_v1	18034	18034	SNP-396	
PvP01_API_v1	18086	18086	rpoC-3	
PvP01_API_v1	18211	18211	SNP-397	
PvP01_API_v1	18246	18246	rpoC-1	
PvP01_API_v1	18390	18390	SNP-398	
PvP01_API_v1	18453	18453	SNP-399	
PvP01_API_v1	18662	18662	rpoC-2	
PvP01_API_v1	18700	18700	SNP-400	
PvP01_API_v1	19107	19107	rpoC-4	
PvP01_API_v1	19319	19319	SNP-401	
PvP01_API_v1	19362	19362	SNP-402	
PvP01_API_v1	19426	19426	SNP-403	
PvP01_API_v1	19874	19874	SNP-404	
PvP01_API_v1	20013	20013	SNP-405	
PvP01_API_v1	20146	20146	SNP-406	
PvP01_API_v1	20170	20170	SNP-407	
PvP01_API_v1	20527	20527	SNP-408	
PvP01_API_v1	21750	21750	SNP-409	
PvP01_API_v1	22222	22222	SNP-410	
PvP01_API_v1	22243	22243	SNP-411	
PvP01_API_v1	22538	22538	SNP-412	
PvP01_API_v1	22657	22657	ORF51	
PvP01_API_v1	22678	22678	SNP-413	
PvP01_API_v1	23468	23468	SNP-414	
PvP01_API_v1	23506	23506	SNP-415	
PvP01_API_v1	23515	23515	SNP-416	
PvP01_API_v1	23686	23686	SNP-417	
PvP01_API_v1	23729	23729	SNP-418	
PvP01_API_v1	23818	23818	SNP-419	
PvP01_API_v1	23912	23912	SNP-420	
PvP01_API_v1	24176	24176	SNP-421	
PvP01_API_v1	24180	24180	SNP-422	
PvP01_API_v1	24216	24216	SNP-423	
PvP01_API_v1	24405	24405	SNP-424	
PvP01_API_v1	24467	24467	SNP-425	
PvP01_API_v1	24480	24480	SNP-426	
PvP01_API_v1	25769	25769	SNP-427	
PvP01_API_v1	26449	26449	SNP-428	
PvP01_API_v1	26619	26619	SNP-429	
PvP01_API_v1	26992	26992	SNP-430	
PvP01_API_v1	29053	29053	SNP-431	
Transfer.PvP01_00_134.final	1515	1515	SNP-432	
